#,Name,Type 1,Type 2,Total,HP,Attack,Defense,Sp. Atk,Sp. Def,Speed,Generation,Legendary,evolution
1,Bulbasaur,Grass,Poison,318.0,45.0,49.0,49.0,65.0,65.0,45.0,1.0,False,"[['ivysaur', 'level-up', 16]]"
2,Ivysaur,Grass,Poison,405.0,60.0,62.0,63.0,80.0,80.0,60.0,1.0,False,"[['venusaur', 'level-up', 32]]"
3,Venusaur,Grass,Poison,525.0,80.0,82.0,83.0,100.0,100.0,80.0,1.0,False,[]
4,Charmander,Fire,,309.0,39.0,52.0,43.0,60.0,50.0,65.0,1.0,False,"[['charmeleon', 'level-up', 16]]"
5,Charmeleon,Fire,,405.0,58.0,64.0,58.0,80.0,65.0,80.0,1.0,False,"[['charizard', 'level-up', 36]]"
6,Charizard,Fire,Flying,534.0,78.0,84.0,78.0,109.0,85.0,100.0,1.0,False,[]
7,Squirtle,Water,,314.0,44.0,48.0,65.0,50.0,64.0,43.0,1.0,False,"[['wartortle', 'level-up', 16]]"
8,Wartortle,Water,,405.0,59.0,63.0,80.0,65.0,80.0,58.0,1.0,False,"[['blastoise', 'level-up', 36]]"
9,Blastoise,Water,,530.0,79.0,83.0,100.0,85.0,105.0,78.0,1.0,False,[]
10,Caterpie,Bug,,195.0,45.0,30.0,35.0,20.0,20.0,45.0,1.0,False,"[['metapod', 'level-up', 7]]"
11,Metapod,Bug,,205.0,50.0,20.0,55.0,25.0,25.0,30.0,1.0,False,"[['butterfree', 'level-up', 10]]"
12,Butterfree,Bug,Flying,395.0,60.0,45.0,50.0,90.0,80.0,70.0,1.0,False,[]
13,Weedle,Bug,Poison,195.0,40.0,35.0,30.0,20.0,20.0,50.0,1.0,False,"[['kakuna', 'level-up', 7]]"
14,Kakuna,Bug,Poison,205.0,45.0,25.0,50.0,25.0,25.0,35.0,1.0,False,"[['beedrill', 'level-up', 10]]"
15,Beedrill,Bug,Poison,395.0,65.0,90.0,40.0,45.0,80.0,75.0,1.0,False,[]
16,Pidgey,Normal,Flying,251.0,40.0,45.0,40.0,35.0,35.0,56.0,1.0,False,"[['pidgeotto', 'level-up', 18]]"
17,Pidgeotto,Normal,Flying,349.0,63.0,60.0,55.0,50.0,50.0,71.0,1.0,False,"[['pidgeot', 'level-up', 36]]"
18,Pidgeot,Normal,Flying,479.0,83.0,80.0,75.0,70.0,70.0,101.0,1.0,False,[]
19,Rattata,Normal,,253.0,30.0,56.0,35.0,25.0,35.0,72.0,1.0,False,"[['raticate', 'level-up', 20]]"
20,Raticate,Normal,,413.0,55.0,81.0,60.0,50.0,70.0,97.0,1.0,False,[]
21,Spearow,Normal,Flying,262.0,40.0,60.0,30.0,31.0,31.0,70.0,1.0,False,"[['fearow', 'level-up', 20]]"
22,Fearow,Normal,Flying,442.0,65.0,90.0,65.0,61.0,61.0,100.0,1.0,False,[]
23,Ekans,Poison,,288.0,35.0,60.0,44.0,40.0,54.0,55.0,1.0,False,"[['arbok', 'level-up', 22]]"
24,Arbok,Poison,,438.0,60.0,85.0,69.0,65.0,79.0,80.0,1.0,False,[]
25,Pikachu,Electric,,320.0,35.0,55.0,40.0,50.0,50.0,90.0,1.0,False,"[['raichu', 'use-item', 'thunder-stone']]"
26,Raichu,Electric,,485.0,60.0,90.0,55.0,90.0,80.0,110.0,1.0,False,[]
27,Sandshrew,Ground,,300.0,50.0,75.0,85.0,20.0,30.0,40.0,1.0,False,"[['sandslash', 'level-up', 22]]"
28,Sandslash,Ground,,450.0,75.0,100.0,110.0,45.0,55.0,65.0,1.0,False,[]
29,Nidoran♀,Poison,,275.0,55.0,47.0,52.0,40.0,40.0,41.0,1.0,False,[]
30,Nidorina,Poison,,365.0,70.0,62.0,67.0,55.0,55.0,56.0,1.0,False,"[['nidoqueen', 'use-item', 'moon-stone']]"
31,Nidoqueen,Poison,Ground,505.0,90.0,92.0,87.0,75.0,85.0,76.0,1.0,False,[]
32,Nidoran♂,Poison,,273.0,46.0,57.0,40.0,40.0,40.0,50.0,1.0,False,[]
33,Nidorino,Poison,,365.0,61.0,72.0,57.0,55.0,55.0,65.0,1.0,False,"[['nidoking', 'use-item', 'moon-stone']]"
34,Nidoking,Poison,Ground,505.0,81.0,102.0,77.0,85.0,75.0,85.0,1.0,False,[]
35,Clefairy,Normal,,323.0,70.0,45.0,48.0,60.0,65.0,35.0,1.0,False,"[['clefable', 'use-item', 'moon-stone']]"
36,Clefable,Normal,,483.0,95.0,70.0,73.0,95.0,90.0,60.0,1.0,False,[]
37,Vulpix,Fire,,299.0,38.0,41.0,40.0,50.0,65.0,65.0,1.0,False,"[['ninetales', 'use-item', 'fire-stone']]"
38,Ninetales,Fire,,505.0,73.0,76.0,75.0,81.0,100.0,100.0,1.0,False,[]
39,Jigglypuff,Normal,Fairy,270.0,115.0,45.0,20.0,45.0,25.0,20.0,1.0,False,"[['wigglytuff', 'use-item', 'moon-stone']]"
40,Wigglytuff,Normal,Fairy,435.0,140.0,70.0,45.0,85.0,50.0,45.0,1.0,False,[]
41,Zubat,Poison,Flying,245.0,40.0,45.0,35.0,30.0,40.0,55.0,1.0,False,"[['golbat', 'level-up', 22]]"
42,Golbat,Poison,Flying,455.0,75.0,80.0,70.0,65.0,75.0,90.0,1.0,False,"[['crobat', 'level-up', None]]"
43,Oddish,Grass,Poison,320.0,45.0,50.0,55.0,75.0,65.0,30.0,1.0,False,"[['gloom', 'level-up', 21]]"
44,Gloom,Grass,Poison,395.0,60.0,65.0,70.0,85.0,75.0,40.0,1.0,False,"[['vileplume', 'use-item', 'leaf-stone'], ['bellossom', 'use-item', 'sun-stone']]"
45,Vileplume,Grass,Poison,490.0,75.0,80.0,85.0,110.0,90.0,50.0,1.0,False,[]
46,Paras,Bug,Grass,285.0,35.0,70.0,55.0,45.0,55.0,25.0,1.0,False,"[['parasect', 'level-up', 24]]"
47,Parasect,Bug,Grass,405.0,60.0,95.0,80.0,60.0,80.0,30.0,1.0,False,[]
48,Venonat,Bug,Poison,305.0,60.0,55.0,50.0,40.0,55.0,45.0,1.0,False,"[['venomoth', 'level-up', 31]]"
49,Venomoth,Bug,Poison,450.0,70.0,65.0,60.0,90.0,75.0,90.0,1.0,False,[]
50,Diglett,Ground,,265.0,10.0,55.0,25.0,35.0,45.0,95.0,1.0,False,"[['dugtrio', 'level-up', 26]]"
51,Dugtrio,Ground,,405.0,35.0,80.0,50.0,50.0,70.0,120.0,1.0,False,[]
52,Meowth,Normal,,290.0,40.0,45.0,35.0,40.0,40.0,90.0,1.0,False,"[['persian', 'level-up', 28], ['perrserker', 'level-up', 28]]"
53,Persian,Normal,,440.0,65.0,70.0,60.0,65.0,65.0,115.0,1.0,False,[]
54,Psyduck,Water,,320.0,50.0,52.0,48.0,65.0,50.0,55.0,1.0,False,"[['golduck', 'level-up', 33]]"
55,Golduck,Water,,500.0,80.0,82.0,78.0,95.0,80.0,85.0,1.0,False,[]
56,Mankey,Fighting,,305.0,40.0,80.0,35.0,35.0,45.0,70.0,1.0,False,"[['primeape', 'level-up', 28]]"
57,Primeape,Fighting,,455.0,65.0,105.0,60.0,60.0,70.0,95.0,1.0,False,[]
58,Growlithe,Fire,,350.0,55.0,70.0,45.0,70.0,50.0,60.0,1.0,False,"[['arcanine', 'use-item', 'fire-stone']]"
59,Arcanine,Fire,,555.0,90.0,110.0,80.0,100.0,80.0,95.0,1.0,False,[]
60,Poliwag,Water,,300.0,40.0,50.0,40.0,40.0,40.0,90.0,1.0,False,"[['poliwhirl', 'level-up', 25]]"
61,Poliwhirl,Water,,385.0,65.0,65.0,65.0,50.0,50.0,90.0,1.0,False,"[['poliwrath', 'use-item', 'water-stone'], ['politoed', 'trade']]"
62,Poliwrath,Water,Fighting,510.0,90.0,95.0,95.0,70.0,90.0,70.0,1.0,False,[]
63,Abra,Psychic,,310.0,25.0,20.0,15.0,105.0,55.0,90.0,1.0,False,"[['kadabra', 'level-up', 16]]"
64,Kadabra,Psychic,,400.0,40.0,35.0,30.0,120.0,70.0,105.0,1.0,False,"[['alakazam', 'trade']]"
65,Alakazam,Psychic,,500.0,55.0,50.0,45.0,135.0,95.0,120.0,1.0,False,[]
66,Machop,Fighting,,305.0,70.0,80.0,50.0,35.0,35.0,35.0,1.0,False,"[['machoke', 'level-up', 28]]"
67,Machoke,Fighting,,405.0,80.0,100.0,70.0,50.0,60.0,45.0,1.0,False,"[['machamp', 'trade']]"
68,Machamp,Fighting,,505.0,90.0,130.0,80.0,65.0,85.0,55.0,1.0,False,[]
69,Bellsprout,Grass,Poison,300.0,50.0,75.0,35.0,70.0,30.0,40.0,1.0,False,"[['weepinbell', 'level-up', 21]]"
70,Weepinbell,Grass,Poison,390.0,65.0,90.0,50.0,85.0,45.0,55.0,1.0,False,"[['victreebel', 'use-item', 'leaf-stone']]"
71,Victreebel,Grass,Poison,490.0,80.0,105.0,65.0,100.0,70.0,70.0,1.0,False,[]
72,Tentacool,Water,Poison,335.0,40.0,40.0,35.0,50.0,100.0,70.0,1.0,False,"[['tentacruel', 'level-up', 30]]"
73,Tentacruel,Water,Poison,515.0,80.0,70.0,65.0,80.0,120.0,100.0,1.0,False,[]
74,Geodude,Rock,Ground,300.0,40.0,80.0,100.0,30.0,30.0,20.0,1.0,False,"[['graveler', 'level-up', 25]]"
75,Graveler,Rock,Ground,390.0,55.0,95.0,115.0,45.0,45.0,35.0,1.0,False,"[['golem', 'trade']]"
76,Golem,Rock,Ground,495.0,80.0,120.0,130.0,55.0,65.0,45.0,1.0,False,[]
77,Ponyta,Fire,,410.0,50.0,85.0,55.0,65.0,65.0,90.0,1.0,False,"[['rapidash', 'level-up', 40]]"
78,Rapidash,Fire,,500.0,65.0,100.0,70.0,80.0,80.0,105.0,1.0,False,[]
79,Slowpoke,Water,Psychic,315.0,90.0,65.0,65.0,40.0,40.0,15.0,1.0,False,"[['slowbro', 'level-up', 37], ['slowking', 'trade']]"
80,Slowbro,Water,Psychic,490.0,95.0,75.0,110.0,100.0,80.0,30.0,1.0,False,[]
81,Magnemite,Electric,Steel,325.0,25.0,35.0,70.0,95.0,55.0,45.0,1.0,False,"[['magneton', 'level-up', 30]]"
82,Magneton,Electric,Steel,465.0,50.0,60.0,95.0,120.0,70.0,70.0,1.0,False,"[['magnezone', 'level-up', None]]"
83,Farfetch'd,Normal,Flying,352.0,52.0,65.0,55.0,58.0,62.0,60.0,1.0,False,[]
84,Doduo,Normal,Flying,310.0,35.0,85.0,45.0,35.0,35.0,75.0,1.0,False,"[['dodrio', 'level-up', 31]]"
85,Dodrio,Normal,Flying,460.0,60.0,110.0,70.0,60.0,60.0,100.0,1.0,False,[]
86,Seel,Water,,325.0,65.0,45.0,55.0,45.0,70.0,45.0,1.0,False,"[['dewgong', 'level-up', 34]]"
87,Dewgong,Water,Ice,475.0,90.0,70.0,80.0,70.0,95.0,70.0,1.0,False,[]
88,Grimer,Poison,,325.0,80.0,80.0,50.0,40.0,50.0,25.0,1.0,False,"[['muk', 'level-up', 38]]"
89,Muk,Poison,,500.0,105.0,105.0,75.0,65.0,100.0,50.0,1.0,False,[]
90,Shellder,Water,,305.0,30.0,65.0,100.0,45.0,25.0,40.0,1.0,False,"[['cloyster', 'use-item', 'water-stone']]"
91,Cloyster,Water,Ice,525.0,50.0,95.0,180.0,85.0,45.0,70.0,1.0,False,[]
92,Gastly,Ghost,Poison,310.0,30.0,35.0,30.0,100.0,35.0,80.0,1.0,False,"[['haunter', 'level-up', 25]]"
93,Haunter,Ghost,Poison,405.0,45.0,50.0,45.0,115.0,55.0,95.0,1.0,False,"[['gengar', 'trade']]"
94,Gengar,Ghost,Poison,500.0,60.0,65.0,60.0,130.0,75.0,110.0,1.0,False,[]
95,Onix,Rock,Ground,385.0,35.0,45.0,160.0,30.0,45.0,70.0,1.0,False,"[['steelix', 'trade']]"
96,Drowzee,Psychic,,328.0,60.0,48.0,45.0,43.0,90.0,42.0,1.0,False,"[['hypno', 'level-up', 26]]"
97,Hypno,Psychic,,483.0,85.0,73.0,70.0,73.0,115.0,67.0,1.0,False,[]
98,Krabby,Water,,325.0,30.0,105.0,90.0,25.0,25.0,50.0,1.0,False,"[['kingler', 'level-up', 28]]"
99,Kingler,Water,,475.0,55.0,130.0,115.0,50.0,50.0,75.0,1.0,False,[]
100,Voltorb,Electric,,330.0,40.0,30.0,50.0,55.0,55.0,100.0,1.0,False,"[['electrode', 'level-up', 30]]"
101,Electrode,Electric,,480.0,60.0,50.0,70.0,80.0,80.0,140.0,1.0,False,[]
102,Exeggcute,Grass,Psychic,325.0,60.0,40.0,80.0,60.0,45.0,40.0,1.0,False,"[['exeggutor', 'use-item', 'leaf-stone']]"
103,Exeggutor,Grass,Psychic,520.0,95.0,95.0,85.0,125.0,65.0,55.0,1.0,False,[]
104,Cubone,Ground,,320.0,50.0,50.0,95.0,40.0,50.0,35.0,1.0,False,"[['marowak', 'level-up', 28]]"
105,Marowak,Ground,,425.0,60.0,80.0,110.0,50.0,80.0,45.0,1.0,False,[]
106,Hitmonlee,Fighting,,455.0,50.0,120.0,53.0,35.0,110.0,87.0,1.0,False,[]
107,Hitmonchan,Fighting,,455.0,50.0,105.0,79.0,35.0,110.0,76.0,1.0,False,[]
108,Lickitung,Normal,,385.0,90.0,55.0,75.0,60.0,75.0,30.0,1.0,False,"[['lickilicky', 'level-up', None]]"
109,Koffing,Poison,,340.0,40.0,65.0,95.0,60.0,45.0,35.0,1.0,False,"[['weezing', 'level-up', 35]]"
110,Weezing,Poison,,490.0,65.0,90.0,120.0,85.0,70.0,60.0,1.0,False,[]
111,Rhyhorn,Ground,Rock,345.0,80.0,85.0,95.0,30.0,30.0,25.0,1.0,False,"[['rhydon', 'level-up', 42]]"
112,Rhydon,Ground,Rock,485.0,105.0,130.0,120.0,45.0,45.0,40.0,1.0,False,"[['rhyperior', 'trade']]"
113,Chansey,Normal,,450.0,250.0,5.0,5.0,35.0,105.0,50.0,1.0,False,"[['blissey', 'level-up', None]]"
114,Tangela,Grass,,435.0,65.0,55.0,115.0,100.0,40.0,60.0,1.0,False,"[['tangrowth', 'level-up', None]]"
115,Kangaskhan,Normal,,490.0,105.0,95.0,80.0,40.0,80.0,90.0,1.0,False,[]
116,Horsea,Water,,295.0,30.0,40.0,70.0,70.0,25.0,60.0,1.0,False,"[['seadra', 'level-up', 32]]"
117,Seadra,Water,,440.0,55.0,65.0,95.0,95.0,45.0,85.0,1.0,False,"[['kingdra', 'trade']]"
118,Goldeen,Water,,320.0,45.0,67.0,60.0,35.0,50.0,63.0,1.0,False,"[['seaking', 'level-up', 33]]"
119,Seaking,Water,,450.0,80.0,92.0,65.0,65.0,80.0,68.0,1.0,False,[]
120,Staryu,Water,,340.0,30.0,45.0,55.0,70.0,55.0,85.0,1.0,False,"[['starmie', 'use-item', 'water-stone']]"
121,Starmie,Water,Psychic,520.0,60.0,75.0,85.0,100.0,85.0,115.0,1.0,False,[]
122,Mr. Mime,Psychic,Fairy,460.0,40.0,45.0,65.0,100.0,120.0,90.0,1.0,False,[]
123,Scyther,Bug,Flying,500.0,70.0,110.0,80.0,55.0,80.0,105.0,1.0,False,"[['scizor', 'trade']]"
124,Jynx,Ice,Psychic,455.0,65.0,50.0,35.0,115.0,95.0,95.0,1.0,False,[]
125,Electabuzz,Electric,,490.0,65.0,83.0,57.0,95.0,85.0,105.0,1.0,False,"[['electivire', 'trade']]"
126,Magmar,Fire,,495.0,65.0,95.0,57.0,100.0,85.0,93.0,1.0,False,"[['magmortar', 'trade']]"
127,Pinsir,Bug,,500.0,65.0,125.0,100.0,55.0,70.0,85.0,1.0,False,[]
128,Tauros,Normal,,490.0,75.0,100.0,95.0,40.0,70.0,110.0,1.0,False,[]
129,Magikarp,Water,,200.0,20.0,10.0,55.0,15.0,20.0,80.0,1.0,False,"[['gyarados', 'level-up', 20]]"
130,Gyarados,Water,Flying,540.0,95.0,125.0,79.0,60.0,100.0,81.0,1.0,False,[]
131,Lapras,Water,Ice,535.0,130.0,85.0,80.0,85.0,95.0,60.0,1.0,False,[]
132,Ditto,Normal,,288.0,48.0,48.0,48.0,48.0,48.0,48.0,1.0,False,[]
133,Eevee,Normal,,325.0,55.0,55.0,50.0,45.0,65.0,55.0,1.0,False,"[['vaporeon', 'use-item', 'water-stone'], ['jolteon', 'use-item', 'thunder-stone'], ['flareon', 'use-item', 'fire-stone'], ['espeon', 'level-up', None], ['umbreon', 'level-up', None], ['leafeon', 'level-up', None], ['glaceon', 'level-up', None], ['sylveon', 'level-up', None]]"
134,Vaporeon,Water,,525.0,130.0,65.0,60.0,110.0,95.0,65.0,1.0,False,[]
135,Jolteon,Electric,,525.0,65.0,65.0,60.0,110.0,95.0,130.0,1.0,False,[]
136,Flareon,Fire,,525.0,65.0,130.0,60.0,95.0,110.0,65.0,1.0,False,[]
137,Porygon,Normal,,395.0,65.0,60.0,70.0,85.0,75.0,40.0,1.0,False,"[['porygon-z', 'trade'], ['porygon2', 'trade']]"
138,Omanyte,Rock,Water,355.0,35.0,40.0,100.0,90.0,55.0,35.0,1.0,False,"[['omastar', 'level-up', 40]]"
139,Omastar,Rock,Water,495.0,70.0,60.0,125.0,115.0,70.0,55.0,1.0,False,[]
140,Kabuto,Rock,Water,355.0,30.0,80.0,90.0,55.0,45.0,55.0,1.0,False,"[['kabutops', 'level-up', 40]]"
141,Kabutops,Rock,Water,495.0,60.0,115.0,105.0,65.0,70.0,80.0,1.0,False,[]
142,Aerodactyl,Rock,Flying,515.0,80.0,105.0,65.0,60.0,75.0,130.0,1.0,False,[]
143,Snorlax,Normal,,540.0,160.0,110.0,65.0,65.0,110.0,30.0,1.0,False,[]
144,Articuno,Ice,Flying,580.0,90.0,85.0,100.0,95.0,125.0,85.0,1.0,True,[]
145,Zapdos,Electric,Flying,580.0,90.0,90.0,85.0,125.0,90.0,100.0,1.0,True,[]
146,Moltres,Fire,Flying,580.0,90.0,100.0,90.0,125.0,85.0,90.0,1.0,True,[]
147,Dratini,Dragon,,300.0,41.0,64.0,45.0,50.0,50.0,50.0,1.0,False,"[['dragonair', 'level-up', 30]]"
148,Dragonair,Dragon,,420.0,61.0,84.0,65.0,70.0,70.0,70.0,1.0,False,"[['dragonite', 'level-up', 55]]"
149,Dragonite,Dragon,Flying,600.0,91.0,134.0,95.0,100.0,100.0,80.0,1.0,False,[]
150,Mewtwo,Psychic,,680.0,106.0,110.0,90.0,154.0,90.0,130.0,1.0,True,[]
151,Mew,Psychic,,600.0,100.0,100.0,100.0,100.0,100.0,100.0,1.0,False,[]
152,Chikorita,Grass,,318.0,45.0,49.0,65.0,49.0,65.0,45.0,2.0,False,"[['bayleef', 'level-up', 16]]"
153,Bayleef,Grass,,405.0,60.0,62.0,80.0,63.0,80.0,60.0,2.0,False,"[['meganium', 'level-up', 32]]"
154,Meganium,Grass,,525.0,80.0,82.0,100.0,83.0,100.0,80.0,2.0,False,[]
155,Cyndaquil,Fire,,309.0,39.0,52.0,43.0,60.0,50.0,65.0,2.0,False,"[['quilava', 'level-up', 14]]"
156,Quilava,Fire,,405.0,58.0,64.0,58.0,80.0,65.0,80.0,2.0,False,"[['typhlosion', 'level-up', 36]]"
157,Typhlosion,Fire,,534.0,78.0,84.0,78.0,109.0,85.0,100.0,2.0,False,[]
158,Totodile,Water,,314.0,50.0,65.0,64.0,44.0,48.0,43.0,2.0,False,"[['croconaw', 'level-up', 18]]"
159,Croconaw,Water,,405.0,65.0,80.0,80.0,59.0,63.0,58.0,2.0,False,"[['feraligatr', 'level-up', 30]]"
160,Feraligatr,Water,,530.0,85.0,105.0,100.0,79.0,83.0,78.0,2.0,False,[]
161,Sentret,Normal,,215.0,35.0,46.0,34.0,35.0,45.0,20.0,2.0,False,"[['furret', 'level-up', 15]]"
162,Furret,Normal,,415.0,85.0,76.0,64.0,45.0,55.0,90.0,2.0,False,[]
163,Hoothoot,Normal,Flying,262.0,60.0,30.0,30.0,36.0,56.0,50.0,2.0,False,"[['noctowl', 'level-up', 20]]"
164,Noctowl,Normal,Flying,442.0,100.0,50.0,50.0,76.0,96.0,70.0,2.0,False,[]
165,Ledyba,Bug,Flying,265.0,40.0,20.0,30.0,40.0,80.0,55.0,2.0,False,"[['ledian', 'level-up', 18]]"
166,Ledian,Bug,Flying,390.0,55.0,35.0,50.0,55.0,110.0,85.0,2.0,False,[]
167,Spinarak,Bug,Poison,250.0,40.0,60.0,40.0,40.0,40.0,30.0,2.0,False,"[['ariados', 'level-up', 22]]"
168,Ariados,Bug,Poison,390.0,70.0,90.0,70.0,60.0,60.0,40.0,2.0,False,[]
169,Crobat,Poison,Flying,535.0,85.0,90.0,80.0,70.0,80.0,130.0,2.0,False,[]
170,Chinchou,Water,Electric,330.0,75.0,38.0,38.0,56.0,56.0,67.0,2.0,False,"[['lanturn', 'level-up', 27]]"
171,Lanturn,Water,Electric,460.0,125.0,58.0,58.0,76.0,76.0,67.0,2.0,False,[]
172,Pichu,Electric,,205.0,20.0,40.0,15.0,35.0,35.0,60.0,2.0,False,"[['pikachu', 'level-up', None]]"
173,Cleffa,Normal,,218.0,50.0,25.0,28.0,45.0,55.0,15.0,2.0,False,"[['clefairy', 'level-up', None]]"
174,Igglybuff,Normal,Fairy,210.0,90.0,30.0,15.0,40.0,20.0,15.0,2.0,False,"[['jigglypuff', 'level-up', None]]"
175,Togepi,Normal,,245.0,35.0,20.0,65.0,40.0,65.0,20.0,2.0,False,"[['togetic', 'level-up', None]]"
176,Togetic,Normal,Flying,405.0,55.0,40.0,85.0,80.0,105.0,40.0,2.0,False,"[['togekiss', 'use-item', 'shiny-stone']]"
177,Natu,Psychic,Flying,320.0,40.0,50.0,45.0,70.0,45.0,70.0,2.0,False,"[['xatu', 'level-up', 25]]"
178,Xatu,Psychic,Flying,470.0,65.0,75.0,70.0,95.0,70.0,95.0,2.0,False,[]
179,Mareep,Electric,,280.0,55.0,40.0,40.0,65.0,45.0,35.0,2.0,False,"[['flaaffy', 'level-up', 15]]"
180,Flaaffy,Electric,,365.0,70.0,55.0,55.0,80.0,60.0,45.0,2.0,False,"[['ampharos', 'level-up', 30]]"
181,Ampharos,Electric,,510.0,90.0,75.0,85.0,115.0,90.0,55.0,2.0,False,[]
182,Bellossom,Grass,,490.0,75.0,80.0,95.0,90.0,100.0,50.0,2.0,False,[]
183,Marill,Water,Fairy,250.0,70.0,20.0,50.0,20.0,50.0,40.0,2.0,False,"[['azumarill', 'level-up', 18]]"
184,Azumarill,Water,Fairy,420.0,100.0,50.0,80.0,60.0,80.0,50.0,2.0,False,[]
185,Sudowoodo,Rock,,410.0,70.0,100.0,115.0,30.0,65.0,30.0,2.0,False,[]
186,Politoed,Water,,500.0,90.0,75.0,75.0,90.0,100.0,70.0,2.0,False,[]
187,Hoppip,Grass,Flying,250.0,35.0,35.0,40.0,35.0,55.0,50.0,2.0,False,"[['skiploom', 'level-up', 18]]"
188,Skiploom,Grass,Flying,340.0,55.0,45.0,50.0,45.0,65.0,80.0,2.0,False,"[['jumpluff', 'level-up', 27]]"
189,Jumpluff,Grass,Flying,460.0,75.0,55.0,70.0,55.0,95.0,110.0,2.0,False,[]
190,Aipom,Normal,,360.0,55.0,70.0,55.0,40.0,55.0,85.0,2.0,False,"[['ambipom', 'level-up', None]]"
191,Sunkern,Grass,,180.0,30.0,30.0,30.0,30.0,30.0,30.0,2.0,False,"[['sunflora', 'use-item', 'sun-stone']]"
192,Sunflora,Grass,,425.0,75.0,75.0,55.0,105.0,85.0,30.0,2.0,False,[]
193,Yanma,Bug,Flying,390.0,65.0,65.0,45.0,75.0,45.0,95.0,2.0,False,"[['yanmega', 'level-up', None]]"
194,Wooper,Water,Ground,210.0,55.0,45.0,45.0,25.0,25.0,15.0,2.0,False,"[['quagsire', 'level-up', 20]]"
195,Quagsire,Water,Ground,430.0,95.0,85.0,85.0,65.0,65.0,35.0,2.0,False,[]
196,Espeon,Psychic,,525.0,65.0,65.0,60.0,130.0,95.0,110.0,2.0,False,[]
197,Umbreon,Dark,,525.0,95.0,65.0,110.0,60.0,130.0,65.0,2.0,False,[]
198,Murkrow,Dark,Flying,405.0,60.0,85.0,42.0,85.0,42.0,91.0,2.0,False,"[['honchkrow', 'use-item', 'dusk-stone']]"
199,Slowking,Water,Psychic,490.0,95.0,75.0,80.0,100.0,110.0,30.0,2.0,False,[]
200,Misdreavus,Ghost,,435.0,60.0,60.0,60.0,85.0,85.0,85.0,2.0,False,"[['mismagius', 'use-item', 'dusk-stone']]"
201,Unown,Psychic,,336.0,48.0,72.0,48.0,72.0,48.0,48.0,2.0,False,[]
202,Wobbuffet,Psychic,,405.0,190.0,33.0,58.0,33.0,58.0,33.0,2.0,False,[]
203,Girafarig,Normal,Psychic,455.0,70.0,80.0,65.0,90.0,65.0,85.0,2.0,False,[]
204,Pineco,Bug,,290.0,50.0,65.0,90.0,35.0,35.0,15.0,2.0,False,"[['forretress', 'level-up', 31]]"
205,Forretress,Bug,Steel,465.0,75.0,90.0,140.0,60.0,60.0,40.0,2.0,False,[]
206,Dunsparce,Normal,,415.0,100.0,70.0,70.0,65.0,65.0,45.0,2.0,False,[]
207,Gligar,Ground,Flying,430.0,65.0,75.0,105.0,35.0,65.0,85.0,2.0,False,"[['gliscor', 'level-up', None]]"
208,Steelix,Steel,Ground,510.0,75.0,85.0,200.0,55.0,65.0,30.0,2.0,False,[]
209,Snubbull,Normal,,300.0,60.0,80.0,50.0,40.0,40.0,30.0,2.0,False,"[['granbull', 'level-up', 23]]"
210,Granbull,Normal,,450.0,90.0,120.0,75.0,60.0,60.0,45.0,2.0,False,[]
211,Qwilfish,Water,Poison,430.0,65.0,95.0,75.0,55.0,55.0,85.0,2.0,False,[]
212,Scizor,Bug,Steel,500.0,70.0,130.0,100.0,55.0,80.0,65.0,2.0,False,[]
213,Shuckle,Bug,Rock,505.0,20.0,10.0,230.0,10.0,230.0,5.0,2.0,False,[]
214,Heracross,Bug,Fighting,500.0,80.0,125.0,75.0,40.0,95.0,85.0,2.0,False,[]
215,Sneasel,Dark,Ice,430.0,55.0,95.0,55.0,35.0,75.0,115.0,2.0,False,"[['weavile', 'level-up', None]]"
216,Teddiursa,Normal,,330.0,60.0,80.0,50.0,50.0,50.0,40.0,2.0,False,"[['ursaring', 'level-up', 30]]"
217,Ursaring,Normal,,500.0,90.0,130.0,75.0,75.0,75.0,55.0,2.0,False,[]
218,Slugma,Fire,,250.0,40.0,40.0,40.0,70.0,40.0,20.0,2.0,False,"[['magcargo', 'level-up', 38]]"
219,Magcargo,Fire,Rock,410.0,50.0,50.0,120.0,80.0,80.0,30.0,2.0,False,[]
220,Swinub,Ice,Ground,250.0,50.0,50.0,40.0,30.0,30.0,50.0,2.0,False,"[['piloswine', 'level-up', 33]]"
221,Piloswine,Ice,Ground,450.0,100.0,100.0,80.0,60.0,60.0,50.0,2.0,False,"[['mamoswine', 'level-up', None]]"
222,Corsola,Water,Rock,380.0,55.0,55.0,85.0,65.0,85.0,35.0,2.0,False,"[['cursola', 'level-up', 38]]"
223,Remoraid,Water,,300.0,35.0,65.0,35.0,65.0,35.0,65.0,2.0,False,"[['octillery', 'level-up', 25]]"
224,Octillery,Water,,480.0,75.0,105.0,75.0,105.0,75.0,45.0,2.0,False,[]
225,Delibird,Ice,Flying,330.0,45.0,55.0,45.0,65.0,45.0,75.0,2.0,False,[]
226,Mantine,Water,Flying,465.0,65.0,40.0,70.0,80.0,140.0,70.0,2.0,False,[]
227,Skarmory,Steel,Flying,465.0,65.0,80.0,140.0,40.0,70.0,70.0,2.0,False,[]
228,Houndour,Dark,Fire,330.0,45.0,60.0,30.0,80.0,50.0,65.0,2.0,False,"[['houndoom', 'level-up', 24]]"
229,Houndoom,Dark,Fire,500.0,75.0,90.0,50.0,110.0,80.0,95.0,2.0,False,[]
230,Kingdra,Water,Dragon,540.0,75.0,95.0,95.0,95.0,95.0,85.0,2.0,False,[]
231,Phanpy,Ground,,330.0,90.0,60.0,60.0,40.0,40.0,40.0,2.0,False,"[['donphan', 'level-up', 25]]"
232,Donphan,Ground,,500.0,90.0,120.0,120.0,60.0,60.0,50.0,2.0,False,[]
233,Porygon2,Normal,,515.0,85.0,80.0,90.0,105.0,95.0,60.0,2.0,False,[]
234,Stantler,Normal,,465.0,73.0,95.0,62.0,85.0,65.0,85.0,2.0,False,[]
235,Smeargle,Normal,,250.0,55.0,20.0,35.0,20.0,45.0,75.0,2.0,False,[]
236,Tyrogue,Fighting,,210.0,35.0,35.0,35.0,35.0,35.0,35.0,2.0,False,"[['hitmonlee', 'level-up', 20], ['hitmonchan', 'level-up', 20], ['hitmontop', 'level-up', 20]]"
237,Hitmontop,Fighting,,455.0,50.0,95.0,95.0,35.0,110.0,70.0,2.0,False,[]
238,Smoochum,Ice,Psychic,305.0,45.0,30.0,15.0,85.0,65.0,65.0,2.0,False,"[['jynx', 'level-up', 30]]"
239,Elekid,Electric,,360.0,45.0,63.0,37.0,65.0,55.0,95.0,2.0,False,"[['electabuzz', 'level-up', 30]]"
240,Magby,Fire,,365.0,45.0,75.0,37.0,70.0,55.0,83.0,2.0,False,"[['magmar', 'level-up', 30]]"
241,Miltank,Normal,,490.0,95.0,80.0,105.0,40.0,70.0,100.0,2.0,False,[]
242,Blissey,Normal,,540.0,255.0,10.0,10.0,75.0,135.0,55.0,2.0,False,[]
243,Raikou,Electric,,580.0,90.0,85.0,75.0,115.0,100.0,115.0,2.0,True,[]
244,Entei,Fire,,580.0,115.0,115.0,85.0,90.0,75.0,100.0,2.0,True,[]
245,Suicune,Water,,580.0,100.0,75.0,115.0,90.0,115.0,85.0,2.0,True,[]
246,Larvitar,Rock,Ground,300.0,50.0,64.0,50.0,45.0,50.0,41.0,2.0,False,"[['pupitar', 'level-up', 30]]"
247,Pupitar,Rock,Ground,410.0,70.0,84.0,70.0,65.0,70.0,51.0,2.0,False,"[['tyranitar', 'level-up', 55]]"
248,Tyranitar,Rock,Dark,600.0,100.0,134.0,110.0,95.0,100.0,61.0,2.0,False,[]
249,Lugia,Psychic,Flying,680.0,106.0,90.0,130.0,90.0,154.0,110.0,2.0,True,[]
250,Ho-oh,Fire,Flying,680.0,106.0,130.0,90.0,110.0,154.0,90.0,2.0,True,[]
251,Celebi,Psychic,Grass,600.0,100.0,100.0,100.0,100.0,100.0,100.0,2.0,False,[]
252,Treecko,Grass,,310.0,40.0,45.0,35.0,65.0,55.0,70.0,3.0,False,"[['grovyle', 'level-up', 16]]"
253,Grovyle,Grass,,405.0,50.0,65.0,45.0,85.0,65.0,95.0,3.0,False,"[['sceptile', 'level-up', 36]]"
254,Sceptile,Grass,,530.0,70.0,85.0,65.0,105.0,85.0,120.0,3.0,False,[]
255,Torchic,Fire,,310.0,45.0,60.0,40.0,70.0,50.0,45.0,3.0,False,"[['combusken', 'level-up', 16]]"
256,Combusken,Fire,Fighting,405.0,60.0,85.0,60.0,85.0,60.0,55.0,3.0,False,"[['blaziken', 'level-up', 36]]"
257,Blaziken,Fire,Fighting,530.0,80.0,120.0,70.0,110.0,70.0,80.0,3.0,False,[]
258,Mudkip,Water,,310.0,50.0,70.0,50.0,50.0,50.0,40.0,3.0,False,"[['marshtomp', 'level-up', 16]]"
259,Marshtomp,Water,Ground,405.0,70.0,85.0,70.0,60.0,70.0,50.0,3.0,False,"[['swampert', 'level-up', 36]]"
260,Swampert,Water,Ground,535.0,100.0,110.0,90.0,85.0,90.0,60.0,3.0,False,[]
261,Poochyena,Dark,,220.0,35.0,55.0,35.0,30.0,30.0,35.0,3.0,False,"[['mightyena', 'level-up', 18]]"
262,Mightyena,Dark,,420.0,70.0,90.0,70.0,60.0,60.0,70.0,3.0,False,[]
263,Zigzagoon,Normal,,240.0,38.0,30.0,41.0,30.0,41.0,60.0,3.0,False,"[['linoone', 'level-up', 20]]"
264,Linoone,Normal,,420.0,78.0,70.0,61.0,50.0,61.0,100.0,3.0,False,"[['obstagoon', 'level-up', 35]]"
265,Wurmple,Bug,,195.0,45.0,45.0,35.0,20.0,30.0,20.0,3.0,False,"[['silcoon', 'level-up', 7], ['cascoon', 'level-up', 7]]"
266,Silcoon,Bug,,205.0,50.0,35.0,55.0,25.0,25.0,15.0,3.0,False,"[['beautifly', 'level-up', 10]]"
267,Beautifly,Bug,Flying,395.0,60.0,70.0,50.0,100.0,50.0,65.0,3.0,False,[]
268,Cascoon,Bug,,205.0,50.0,35.0,55.0,25.0,25.0,15.0,3.0,False,"[['dustox', 'level-up', 10]]"
269,Dustox,Bug,Poison,385.0,60.0,50.0,70.0,50.0,90.0,65.0,3.0,False,[]
270,Lotad,Water,Grass,220.0,40.0,30.0,30.0,40.0,50.0,30.0,3.0,False,"[['lombre', 'level-up', 14]]"
271,Lombre,Water,Grass,340.0,60.0,50.0,50.0,60.0,70.0,50.0,3.0,False,"[['ludicolo', 'use-item', 'water-stone']]"
272,Ludicolo,Water,Grass,480.0,80.0,70.0,70.0,90.0,100.0,70.0,3.0,False,[]
273,Seedot,Grass,,220.0,40.0,40.0,50.0,30.0,30.0,30.0,3.0,False,"[['nuzleaf', 'level-up', 14]]"
274,Nuzleaf,Grass,Dark,340.0,70.0,70.0,40.0,60.0,40.0,60.0,3.0,False,"[['shiftry', 'use-item', 'leaf-stone']]"
275,Shiftry,Grass,Dark,480.0,90.0,100.0,60.0,90.0,60.0,80.0,3.0,False,[]
276,Taillow,Normal,Flying,270.0,40.0,55.0,30.0,30.0,30.0,85.0,3.0,False,"[['swellow', 'level-up', 22]]"
277,Swellow,Normal,Flying,430.0,60.0,85.0,60.0,50.0,50.0,125.0,3.0,False,[]
278,Wingull,Water,Flying,270.0,40.0,30.0,30.0,55.0,30.0,85.0,3.0,False,"[['pelipper', 'level-up', 25]]"
279,Pelipper,Water,Flying,430.0,60.0,50.0,100.0,85.0,70.0,65.0,3.0,False,[]
280,Ralts,Psychic,Fairy,198.0,28.0,25.0,25.0,45.0,35.0,40.0,3.0,False,"[['kirlia', 'level-up', 20]]"
281,Kirlia,Psychic,Fairy,278.0,38.0,35.0,35.0,65.0,55.0,50.0,3.0,False,"[['gardevoir', 'level-up', 30], ['gallade', 'use-item', 'dawn-stone']]"
282,Gardevoir,Psychic,Fairy,518.0,68.0,65.0,65.0,125.0,115.0,80.0,3.0,False,[]
283,Surskit,Bug,Water,269.0,40.0,30.0,32.0,50.0,52.0,65.0,3.0,False,"[['masquerain', 'level-up', 22]]"
284,Masquerain,Bug,Flying,414.0,70.0,60.0,62.0,80.0,82.0,60.0,3.0,False,[]
285,Shroomish,Grass,,295.0,60.0,40.0,60.0,40.0,60.0,35.0,3.0,False,"[['breloom', 'level-up', 23]]"
286,Breloom,Grass,Fighting,460.0,60.0,130.0,80.0,60.0,60.0,70.0,3.0,False,[]
287,Slakoth,Normal,,280.0,60.0,60.0,60.0,35.0,35.0,30.0,3.0,False,"[['vigoroth', 'level-up', 18]]"
288,Vigoroth,Normal,,440.0,80.0,80.0,80.0,55.0,55.0,90.0,3.0,False,"[['slaking', 'level-up', 36]]"
289,Slaking,Normal,,670.0,150.0,160.0,100.0,95.0,65.0,100.0,3.0,False,[]
290,Nincada,Bug,Ground,266.0,31.0,45.0,90.0,30.0,30.0,40.0,3.0,False,"[['ninjask', 'level-up', 20], None]"
291,Ninjask,Bug,Flying,456.0,61.0,90.0,45.0,50.0,50.0,160.0,3.0,False,[]
292,Shedinja,Bug,Ghost,236.0,1.0,90.0,45.0,30.0,30.0,40.0,3.0,False,[]
293,Whismur,Normal,,240.0,64.0,51.0,23.0,51.0,23.0,28.0,3.0,False,"[['loudred', 'level-up', 20]]"
294,Loudred,Normal,,360.0,84.0,71.0,43.0,71.0,43.0,48.0,3.0,False,"[['exploud', 'level-up', 40]]"
295,Exploud,Normal,,490.0,104.0,91.0,63.0,91.0,73.0,68.0,3.0,False,[]
296,Makuhita,Fighting,,237.0,72.0,60.0,30.0,20.0,30.0,25.0,3.0,False,"[['hariyama', 'level-up', 24]]"
297,Hariyama,Fighting,,474.0,144.0,120.0,60.0,40.0,60.0,50.0,3.0,False,[]
298,Azurill,Normal,Fairy,190.0,50.0,20.0,40.0,20.0,40.0,20.0,3.0,False,"[['marill', 'level-up', None]]"
299,Nosepass,Rock,,375.0,30.0,45.0,135.0,45.0,90.0,30.0,3.0,False,"[['probopass', 'level-up', None]]"
300,Skitty,Normal,,260.0,50.0,45.0,45.0,35.0,35.0,50.0,3.0,False,"[['delcatty', 'use-item', 'moon-stone']]"
301,Delcatty,Normal,,380.0,70.0,65.0,65.0,55.0,55.0,70.0,3.0,False,[]
302,Sableye,Dark,Ghost,380.0,50.0,75.0,75.0,65.0,65.0,50.0,3.0,False,[]
303,Mawile,Steel,Fairy,380.0,50.0,85.0,85.0,55.0,55.0,50.0,3.0,False,[]
304,Aron,Steel,Rock,330.0,50.0,70.0,100.0,40.0,40.0,30.0,3.0,False,"[['lairon', 'level-up', 32]]"
305,Lairon,Steel,Rock,430.0,60.0,90.0,140.0,50.0,50.0,40.0,3.0,False,"[['aggron', 'level-up', 42]]"
306,Aggron,Steel,Rock,530.0,70.0,110.0,180.0,60.0,60.0,50.0,3.0,False,[]
307,Meditite,Fighting,Psychic,280.0,30.0,40.0,55.0,40.0,55.0,60.0,3.0,False,"[['medicham', 'level-up', 37]]"
308,Medicham,Fighting,Psychic,410.0,60.0,60.0,75.0,60.0,75.0,80.0,3.0,False,[]
309,Electrike,Electric,,295.0,40.0,45.0,40.0,65.0,40.0,65.0,3.0,False,"[['manectric', 'level-up', 26]]"
310,Manectric,Electric,,475.0,70.0,75.0,60.0,105.0,60.0,105.0,3.0,False,[]
311,Plusle,Electric,,405.0,60.0,50.0,40.0,85.0,75.0,95.0,3.0,False,[]
312,Minun,Electric,,405.0,60.0,40.0,50.0,75.0,85.0,95.0,3.0,False,[]
313,Volbeat,Bug,,400.0,65.0,73.0,55.0,47.0,75.0,85.0,3.0,False,[]
314,Illumise,Bug,,400.0,65.0,47.0,55.0,73.0,75.0,85.0,3.0,False,[]
315,Roselia,Grass,Poison,400.0,50.0,60.0,45.0,100.0,80.0,65.0,3.0,False,"[['roserade', 'use-item', 'shiny-stone']]"
316,Gulpin,Poison,,302.0,70.0,43.0,53.0,43.0,53.0,40.0,3.0,False,"[['swalot', 'level-up', 26]]"
317,Swalot,Poison,,467.0,100.0,73.0,83.0,73.0,83.0,55.0,3.0,False,[]
318,Carvanha,Water,Dark,305.0,45.0,90.0,20.0,65.0,20.0,65.0,3.0,False,"[['sharpedo', 'level-up', 30]]"
319,Sharpedo,Water,Dark,460.0,70.0,120.0,40.0,95.0,40.0,95.0,3.0,False,[]
320,Wailmer,Water,,400.0,130.0,70.0,35.0,70.0,35.0,60.0,3.0,False,"[['wailord', 'level-up', 40]]"
321,Wailord,Water,,500.0,170.0,90.0,45.0,90.0,45.0,60.0,3.0,False,[]
322,Numel,Fire,Ground,305.0,60.0,60.0,40.0,65.0,45.0,35.0,3.0,False,"[['camerupt', 'level-up', 33]]"
323,Camerupt,Fire,Ground,460.0,70.0,100.0,70.0,105.0,75.0,40.0,3.0,False,[]
324,Torkoal,Fire,,470.0,70.0,85.0,140.0,85.0,70.0,20.0,3.0,False,[]
325,Spoink,Psychic,,330.0,60.0,25.0,35.0,70.0,80.0,60.0,3.0,False,"[['grumpig', 'level-up', 32]]"
326,Grumpig,Psychic,,470.0,80.0,45.0,65.0,90.0,110.0,80.0,3.0,False,[]
327,Spinda,Normal,,360.0,60.0,60.0,60.0,60.0,60.0,60.0,3.0,False,[]
328,Trapinch,Ground,,290.0,45.0,100.0,45.0,45.0,45.0,10.0,3.0,False,"[['vibrava', 'level-up', 35]]"
329,Vibrava,Ground,Dragon,340.0,50.0,70.0,50.0,50.0,50.0,70.0,3.0,False,"[['flygon', 'level-up', 45]]"
330,Flygon,Ground,Dragon,520.0,80.0,100.0,80.0,80.0,80.0,100.0,3.0,False,[]
331,Cacnea,Grass,,335.0,50.0,85.0,40.0,85.0,40.0,35.0,3.0,False,"[['cacturne', 'level-up', 32]]"
332,Cacturne,Grass,Dark,475.0,70.0,115.0,60.0,115.0,60.0,55.0,3.0,False,[]
333,Swablu,Normal,Flying,310.0,45.0,40.0,60.0,40.0,75.0,50.0,3.0,False,"[['altaria', 'level-up', 35]]"
334,Altaria,Dragon,Flying,490.0,75.0,70.0,90.0,70.0,105.0,80.0,3.0,False,[]
335,Zangoose,Normal,,458.0,73.0,115.0,60.0,60.0,60.0,90.0,3.0,False,[]
336,Seviper,Poison,,458.0,73.0,100.0,60.0,100.0,60.0,65.0,3.0,False,[]
337,Lunatone,Rock,Psychic,440.0,70.0,55.0,65.0,95.0,85.0,70.0,3.0,False,[]
338,Solrock,Rock,Psychic,440.0,70.0,95.0,85.0,55.0,65.0,70.0,3.0,False,[]
339,Barboach,Water,Ground,288.0,50.0,48.0,43.0,46.0,41.0,60.0,3.0,False,"[['whiscash', 'level-up', 30]]"
340,Whiscash,Water,Ground,468.0,110.0,78.0,73.0,76.0,71.0,60.0,3.0,False,[]
341,Corphish,Water,,308.0,43.0,80.0,65.0,50.0,35.0,35.0,3.0,False,"[['crawdaunt', 'level-up', 30]]"
342,Crawdaunt,Water,Dark,468.0,63.0,120.0,85.0,90.0,55.0,55.0,3.0,False,[]
343,Baltoy,Ground,Psychic,300.0,40.0,40.0,55.0,40.0,70.0,55.0,3.0,False,"[['claydol', 'level-up', 36]]"
344,Claydol,Ground,Psychic,500.0,60.0,70.0,105.0,70.0,120.0,75.0,3.0,False,[]
345,Lileep,Rock,Grass,355.0,66.0,41.0,77.0,61.0,87.0,23.0,3.0,False,"[['cradily', 'level-up', 40]]"
346,Cradily,Rock,Grass,495.0,86.0,81.0,97.0,81.0,107.0,43.0,3.0,False,[]
347,Anorith,Rock,Bug,355.0,45.0,95.0,50.0,40.0,50.0,75.0,3.0,False,"[['armaldo', 'level-up', 40]]"
348,Armaldo,Rock,Bug,495.0,75.0,125.0,100.0,70.0,80.0,45.0,3.0,False,[]
349,Feebas,Water,,200.0,20.0,15.0,20.0,10.0,55.0,80.0,3.0,False,"[['milotic', 'level-up', None]]"
350,Milotic,Water,,540.0,95.0,60.0,79.0,100.0,125.0,81.0,3.0,False,[]
351,Castform,Normal,,420.0,70.0,70.0,70.0,70.0,70.0,70.0,3.0,False,[]
352,Kecleon,Normal,,440.0,60.0,90.0,70.0,60.0,120.0,40.0,3.0,False,[]
353,Shuppet,Ghost,,295.0,44.0,75.0,35.0,63.0,33.0,45.0,3.0,False,"[['banette', 'level-up', 37]]"
354,Banette,Ghost,,455.0,64.0,115.0,65.0,83.0,63.0,65.0,3.0,False,[]
355,Duskull,Ghost,,295.0,20.0,40.0,90.0,30.0,90.0,25.0,3.0,False,"[['dusclops', 'level-up', 37]]"
356,Dusclops,Ghost,,455.0,40.0,70.0,130.0,60.0,130.0,25.0,3.0,False,"[['dusknoir', 'trade']]"
357,Tropius,Grass,Flying,460.0,99.0,68.0,83.0,72.0,87.0,51.0,3.0,False,[]
358,Chimecho,Psychic,,425.0,65.0,50.0,70.0,95.0,80.0,65.0,3.0,False,[]
359,Absol,Dark,,465.0,65.0,130.0,60.0,75.0,60.0,75.0,3.0,False,[]
360,Wynaut,Psychic,,260.0,95.0,23.0,48.0,23.0,48.0,23.0,3.0,False,"[['wobbuffet', 'level-up', 15]]"
361,Snorunt,Ice,,300.0,50.0,50.0,50.0,50.0,50.0,50.0,3.0,False,"[['glalie', 'level-up', 42], ['froslass', 'use-item', 'dawn-stone']]"
362,Glalie,Ice,,480.0,80.0,80.0,80.0,80.0,80.0,80.0,3.0,False,[]
363,Spheal,Ice,Water,290.0,70.0,40.0,50.0,55.0,50.0,25.0,3.0,False,"[['sealeo', 'level-up', 32]]"
364,Sealeo,Ice,Water,410.0,90.0,60.0,70.0,75.0,70.0,45.0,3.0,False,"[['walrein', 'level-up', 44]]"
365,Walrein,Ice,Water,530.0,110.0,80.0,90.0,95.0,90.0,65.0,3.0,False,[]
366,Clamperl,Water,,345.0,35.0,64.0,85.0,74.0,55.0,32.0,3.0,False,"[['huntail', 'trade'], ['gorebyss', 'trade']]"
367,Huntail,Water,,485.0,55.0,104.0,105.0,94.0,75.0,52.0,3.0,False,[]
368,Gorebyss,Water,,485.0,55.0,84.0,105.0,114.0,75.0,52.0,3.0,False,[]
369,Relicanth,Water,Rock,485.0,100.0,90.0,130.0,45.0,65.0,55.0,3.0,False,[]
370,Luvdisc,Water,,330.0,43.0,30.0,55.0,40.0,65.0,97.0,3.0,False,[]
371,Bagon,Dragon,,300.0,45.0,75.0,60.0,40.0,30.0,50.0,3.0,False,"[['shelgon', 'level-up', 30]]"
372,Shelgon,Dragon,,420.0,65.0,95.0,100.0,60.0,50.0,50.0,3.0,False,"[['salamence', 'level-up', 50]]"
373,Salamence,Dragon,Flying,600.0,95.0,135.0,80.0,110.0,80.0,100.0,3.0,False,[]
374,Beldum,Steel,Psychic,300.0,40.0,55.0,80.0,35.0,60.0,30.0,3.0,False,"[['metang', 'level-up', 20]]"
375,Metang,Steel,Psychic,420.0,60.0,75.0,100.0,55.0,80.0,50.0,3.0,False,"[['metagross', 'level-up', 45]]"
376,Metagross,Steel,Psychic,600.0,80.0,135.0,130.0,95.0,90.0,70.0,3.0,False,[]
377,Regirock,Rock,,580.0,80.0,100.0,200.0,50.0,100.0,50.0,3.0,True,[]
378,Regice,Ice,,580.0,80.0,50.0,100.0,100.0,200.0,50.0,3.0,True,[]
379,Registeel,Steel,,580.0,80.0,75.0,150.0,75.0,150.0,50.0,3.0,True,[]
380,Latias,Dragon,Psychic,600.0,80.0,80.0,90.0,110.0,130.0,110.0,3.0,True,[]
381,Latios,Dragon,Psychic,600.0,80.0,90.0,80.0,130.0,110.0,110.0,3.0,True,[]
382,Kyogre,Water,,670.0,100.0,100.0,90.0,150.0,140.0,90.0,3.0,True,[]
383,Groudon,Ground,,670.0,100.0,150.0,140.0,100.0,90.0,90.0,3.0,True,[]
384,Rayquaza,Dragon,Flying,680.0,105.0,150.0,90.0,150.0,90.0,95.0,3.0,True,[]
385,Jirachi,Steel,Psychic,600.0,100.0,100.0,100.0,100.0,100.0,100.0,3.0,True,[]
386,DeoxysNormal Forme,Psychic,,600.0,50.0,150.0,50.0,150.0,50.0,150.0,3.0,True,[]
387,Turtwig,Grass,,318.0,55.0,68.0,64.0,45.0,55.0,31.0,4.0,False,"[['grotle', 'level-up', 18]]"
388,Grotle,Grass,,405.0,75.0,89.0,85.0,55.0,65.0,36.0,4.0,False,"[['torterra', 'level-up', 32]]"
389,Torterra,Grass,Ground,525.0,95.0,109.0,105.0,75.0,85.0,56.0,4.0,False,[]
390,Chimchar,Fire,,309.0,44.0,58.0,44.0,58.0,44.0,61.0,4.0,False,"[['monferno', 'level-up', 14]]"
391,Monferno,Fire,Fighting,405.0,64.0,78.0,52.0,78.0,52.0,81.0,4.0,False,"[['infernape', 'level-up', 36]]"
392,Infernape,Fire,Fighting,534.0,76.0,104.0,71.0,104.0,71.0,108.0,4.0,False,[]
393,Piplup,Water,,314.0,53.0,51.0,53.0,61.0,56.0,40.0,4.0,False,"[['prinplup', 'level-up', 16]]"
394,Prinplup,Water,,405.0,64.0,66.0,68.0,81.0,76.0,50.0,4.0,False,"[['empoleon', 'level-up', 36]]"
395,Empoleon,Water,Steel,530.0,84.0,86.0,88.0,111.0,101.0,60.0,4.0,False,[]
396,Starly,Normal,Flying,245.0,40.0,55.0,30.0,30.0,30.0,60.0,4.0,False,"[['staravia', 'level-up', 14]]"
397,Staravia,Normal,Flying,340.0,55.0,75.0,50.0,40.0,40.0,80.0,4.0,False,"[['staraptor', 'level-up', 34]]"
398,Staraptor,Normal,Flying,485.0,85.0,120.0,70.0,50.0,60.0,100.0,4.0,False,[]
399,Bidoof,Normal,,250.0,59.0,45.0,40.0,35.0,40.0,31.0,4.0,False,"[['bibarel', 'level-up', 15]]"
400,Bibarel,Normal,Water,410.0,79.0,85.0,60.0,55.0,60.0,71.0,4.0,False,[]
401,Kricketot,Bug,,194.0,37.0,25.0,41.0,25.0,41.0,25.0,4.0,False,"[['kricketune', 'level-up', 10]]"
402,Kricketune,Bug,,384.0,77.0,85.0,51.0,55.0,51.0,65.0,4.0,False,[]
403,Shinx,Electric,,263.0,45.0,65.0,34.0,40.0,34.0,45.0,4.0,False,"[['luxio', 'level-up', 15]]"
404,Luxio,Electric,,363.0,60.0,85.0,49.0,60.0,49.0,60.0,4.0,False,"[['luxray', 'level-up', 30]]"
405,Luxray,Electric,,523.0,80.0,120.0,79.0,95.0,79.0,70.0,4.0,False,[]
406,Budew,Grass,Poison,280.0,40.0,30.0,35.0,50.0,70.0,55.0,4.0,False,"[['roselia', 'level-up', None]]"
407,Roserade,Grass,Poison,515.0,60.0,70.0,65.0,125.0,105.0,90.0,4.0,False,[]
408,Cranidos,Rock,,350.0,67.0,125.0,40.0,30.0,30.0,58.0,4.0,False,"[['rampardos', 'level-up', 30]]"
409,Rampardos,Rock,,495.0,97.0,165.0,60.0,65.0,50.0,58.0,4.0,False,[]
410,Shieldon,Rock,Steel,350.0,30.0,42.0,118.0,42.0,88.0,30.0,4.0,False,"[['bastiodon', 'level-up', 30]]"
411,Bastiodon,Rock,Steel,495.0,60.0,52.0,168.0,47.0,138.0,30.0,4.0,False,[]
412,Burmy,Bug,,224.0,40.0,29.0,45.0,29.0,45.0,36.0,4.0,False,"[['wormadam', 'level-up', 20], ['mothim', 'level-up', 20]]"
413,WormadamPlant Cloak,Bug,Grass,424.0,60.0,59.0,85.0,79.0,105.0,36.0,4.0,False,[]
414,Mothim,Bug,Flying,424.0,70.0,94.0,50.0,94.0,50.0,66.0,4.0,False,[]
415,Combee,Bug,Flying,244.0,30.0,30.0,42.0,30.0,42.0,70.0,4.0,False,"[['vespiquen', 'level-up', 21]]"
416,Vespiquen,Bug,Flying,474.0,70.0,80.0,102.0,80.0,102.0,40.0,4.0,False,[]
417,Pachirisu,Electric,,405.0,60.0,45.0,70.0,45.0,90.0,95.0,4.0,False,[]
418,Buizel,Water,,330.0,55.0,65.0,35.0,60.0,30.0,85.0,4.0,False,"[['floatzel', 'level-up', 26]]"
419,Floatzel,Water,,495.0,85.0,105.0,55.0,85.0,50.0,115.0,4.0,False,[]
420,Cherubi,Grass,,275.0,45.0,35.0,45.0,62.0,53.0,35.0,4.0,False,"[['cherrim', 'level-up', 25]]"
421,Cherrim,Grass,,450.0,70.0,60.0,70.0,87.0,78.0,85.0,4.0,False,[]
422,Shellos,Water,,325.0,76.0,48.0,48.0,57.0,62.0,34.0,4.0,False,"[['gastrodon', 'level-up', 30]]"
423,Gastrodon,Water,Ground,475.0,111.0,83.0,68.0,92.0,82.0,39.0,4.0,False,[]
424,Ambipom,Normal,,482.0,75.0,100.0,66.0,60.0,66.0,115.0,4.0,False,[]
425,Drifloon,Ghost,Flying,348.0,90.0,50.0,34.0,60.0,44.0,70.0,4.0,False,"[['drifblim', 'level-up', 28]]"
426,Drifblim,Ghost,Flying,498.0,150.0,80.0,44.0,90.0,54.0,80.0,4.0,False,[]
427,Buneary,Normal,,350.0,55.0,66.0,44.0,44.0,56.0,85.0,4.0,False,"[['lopunny', 'level-up', None]]"
428,Lopunny,Normal,,480.0,65.0,76.0,84.0,54.0,96.0,105.0,4.0,False,[]
429,Mismagius,Ghost,,495.0,60.0,60.0,60.0,105.0,105.0,105.0,4.0,False,[]
430,Honchkrow,Dark,Flying,505.0,100.0,125.0,52.0,105.0,52.0,71.0,4.0,False,[]
431,Glameow,Normal,,310.0,49.0,55.0,42.0,42.0,37.0,85.0,4.0,False,"[['purugly', 'level-up', 38]]"
432,Purugly,Normal,,452.0,71.0,82.0,64.0,64.0,59.0,112.0,4.0,False,[]
433,Chingling,Psychic,,285.0,45.0,30.0,50.0,65.0,50.0,45.0,4.0,False,"[['chimecho', 'level-up', None]]"
434,Stunky,Poison,Dark,329.0,63.0,63.0,47.0,41.0,41.0,74.0,4.0,False,"[['skuntank', 'level-up', 34]]"
435,Skuntank,Poison,Dark,479.0,103.0,93.0,67.0,71.0,61.0,84.0,4.0,False,[]
436,Bronzor,Steel,Psychic,300.0,57.0,24.0,86.0,24.0,86.0,23.0,4.0,False,"[['bronzong', 'level-up', 33]]"
437,Bronzong,Steel,Psychic,500.0,67.0,89.0,116.0,79.0,116.0,33.0,4.0,False,[]
438,Bonsly,Rock,,290.0,50.0,80.0,95.0,10.0,45.0,10.0,4.0,False,"[['sudowoodo', 'level-up', None]]"
439,Mime Jr.,Psychic,Fairy,310.0,20.0,25.0,45.0,70.0,90.0,60.0,4.0,False,[]
440,Happiny,Normal,,220.0,100.0,5.0,5.0,15.0,65.0,30.0,4.0,False,"[['chansey', 'level-up', None]]"
441,Chatot,Normal,Flying,411.0,76.0,65.0,45.0,92.0,42.0,91.0,4.0,False,[]
442,Spiritomb,Ghost,Dark,485.0,50.0,92.0,108.0,92.0,108.0,35.0,4.0,False,[]
443,Gible,Dragon,Ground,300.0,58.0,70.0,45.0,40.0,45.0,42.0,4.0,False,"[['gabite', 'level-up', 24]]"
444,Gabite,Dragon,Ground,410.0,68.0,90.0,65.0,50.0,55.0,82.0,4.0,False,"[['garchomp', 'level-up', 48]]"
445,Garchomp,Dragon,Ground,600.0,108.0,130.0,95.0,80.0,85.0,102.0,4.0,False,[]
446,Munchlax,Normal,,390.0,135.0,85.0,40.0,40.0,85.0,5.0,4.0,False,"[['snorlax', 'level-up', None]]"
447,Riolu,Fighting,,285.0,40.0,70.0,40.0,35.0,40.0,60.0,4.0,False,"[['lucario', 'level-up', None]]"
448,Lucario,Fighting,Steel,525.0,70.0,110.0,70.0,115.0,70.0,90.0,4.0,False,[]
449,Hippopotas,Ground,,330.0,68.0,72.0,78.0,38.0,42.0,32.0,4.0,False,"[['hippowdon', 'level-up', 34]]"
450,Hippowdon,Ground,,525.0,108.0,112.0,118.0,68.0,72.0,47.0,4.0,False,[]
451,Skorupi,Poison,Bug,330.0,40.0,50.0,90.0,30.0,55.0,65.0,4.0,False,"[['drapion', 'level-up', 40]]"
452,Drapion,Poison,Dark,500.0,70.0,90.0,110.0,60.0,75.0,95.0,4.0,False,[]
453,Croagunk,Poison,Fighting,300.0,48.0,61.0,40.0,61.0,40.0,50.0,4.0,False,"[['toxicroak', 'level-up', 37]]"
454,Toxicroak,Poison,Fighting,490.0,83.0,106.0,65.0,86.0,65.0,85.0,4.0,False,[]
455,Carnivine,Grass,,454.0,74.0,100.0,72.0,90.0,72.0,46.0,4.0,False,[]
456,Finneon,Water,,330.0,49.0,49.0,56.0,49.0,61.0,66.0,4.0,False,"[['lumineon', 'level-up', 31]]"
457,Lumineon,Water,,460.0,69.0,69.0,76.0,69.0,86.0,91.0,4.0,False,[]
458,Mantyke,Water,Flying,345.0,45.0,20.0,50.0,60.0,120.0,50.0,4.0,False,"[['mantine', 'level-up', None]]"
459,Snover,Grass,Ice,334.0,60.0,62.0,50.0,62.0,60.0,40.0,4.0,False,"[['abomasnow', 'level-up', 40]]"
460,Abomasnow,Grass,Ice,494.0,90.0,92.0,75.0,92.0,85.0,60.0,4.0,False,[]
461,Weavile,Dark,Ice,510.0,70.0,120.0,65.0,45.0,85.0,125.0,4.0,False,[]
462,Magnezone,Electric,Steel,535.0,70.0,70.0,115.0,130.0,90.0,60.0,4.0,False,[]
463,Lickilicky,Normal,,515.0,110.0,85.0,95.0,80.0,95.0,50.0,4.0,False,[]
464,Rhyperior,Ground,Rock,535.0,115.0,140.0,130.0,55.0,55.0,40.0,4.0,False,[]
465,Tangrowth,Grass,,535.0,100.0,100.0,125.0,110.0,50.0,50.0,4.0,False,[]
466,Electivire,Electric,,540.0,75.0,123.0,67.0,95.0,85.0,95.0,4.0,False,[]
467,Magmortar,Fire,,540.0,75.0,95.0,67.0,125.0,95.0,83.0,4.0,False,[]
468,Togekiss,Normal,Flying,545.0,85.0,50.0,95.0,120.0,115.0,80.0,4.0,False,[]
469,Yanmega,Bug,Flying,515.0,86.0,76.0,86.0,116.0,56.0,95.0,4.0,False,[]
470,Leafeon,Grass,,525.0,65.0,110.0,130.0,60.0,65.0,95.0,4.0,False,[]
471,Glaceon,Ice,,525.0,65.0,60.0,110.0,130.0,95.0,65.0,4.0,False,[]
472,Gliscor,Ground,Flying,510.0,75.0,95.0,125.0,45.0,75.0,95.0,4.0,False,[]
473,Mamoswine,Ice,Ground,530.0,110.0,130.0,80.0,70.0,60.0,80.0,4.0,False,[]
474,Porygon-Z,Normal,,535.0,85.0,80.0,70.0,135.0,75.0,90.0,4.0,False,[]
475,Gallade,Psychic,Fighting,518.0,68.0,125.0,65.0,65.0,115.0,80.0,4.0,False,[]
476,Probopass,Rock,Steel,525.0,60.0,55.0,145.0,75.0,150.0,40.0,4.0,False,[]
477,Dusknoir,Ghost,,525.0,45.0,100.0,135.0,65.0,135.0,45.0,4.0,False,[]
478,Froslass,Ice,Ghost,480.0,70.0,80.0,70.0,80.0,70.0,110.0,4.0,False,[]
479,Rotom,Electric,Ghost,440.0,50.0,50.0,77.0,95.0,77.0,91.0,4.0,False,[]
480,Uxie,Psychic,,580.0,75.0,75.0,130.0,75.0,130.0,95.0,4.0,True,[]
481,Mesprit,Psychic,,580.0,80.0,105.0,105.0,105.0,105.0,80.0,4.0,True,[]
482,Azelf,Psychic,,580.0,75.0,125.0,70.0,125.0,70.0,115.0,4.0,True,[]
483,Dialga,Steel,Dragon,680.0,100.0,120.0,120.0,150.0,100.0,90.0,4.0,True,[]
484,Palkia,Water,Dragon,680.0,90.0,120.0,100.0,150.0,120.0,100.0,4.0,True,[]
485,Heatran,Fire,Steel,600.0,91.0,90.0,106.0,130.0,106.0,77.0,4.0,True,[]
486,Regigigas,Normal,,670.0,110.0,160.0,110.0,80.0,110.0,100.0,4.0,True,[]
487,GiratinaAltered Forme,Ghost,Dragon,680.0,150.0,100.0,120.0,100.0,120.0,90.0,4.0,True,[]
488,Cresselia,Psychic,,600.0,120.0,70.0,120.0,75.0,130.0,85.0,4.0,False,[]
489,Phione,Water,,480.0,80.0,80.0,80.0,80.0,80.0,80.0,4.0,False,['manaphy']
490,Manaphy,Water,,600.0,100.0,100.0,100.0,100.0,100.0,100.0,4.0,False,[]
491,Darkrai,Dark,,600.0,70.0,90.0,90.0,135.0,90.0,125.0,4.0,True,[]
492,ShayminLand Forme,Grass,,600.0,100.0,100.0,100.0,100.0,100.0,100.0,4.0,True,[]
493,Arceus,Normal,,720.0,120.0,120.0,120.0,120.0,120.0,120.0,4.0,True,[]
494,Victini,Psychic,Fire,600.0,100.0,100.0,100.0,100.0,100.0,100.0,5.0,True,[]
495,Snivy,Grass,,308.0,45.0,45.0,55.0,45.0,55.0,63.0,5.0,False,"[['servine', 'level-up', 17]]"
496,Servine,Grass,,413.0,60.0,60.0,75.0,60.0,75.0,83.0,5.0,False,"[['serperior', 'level-up', 36]]"
497,Serperior,Grass,,528.0,75.0,75.0,95.0,75.0,95.0,113.0,5.0,False,[]
498,Tepig,Fire,,308.0,65.0,63.0,45.0,45.0,45.0,45.0,5.0,False,"[['pignite', 'level-up', 17]]"
499,Pignite,Fire,Fighting,418.0,90.0,93.0,55.0,70.0,55.0,55.0,5.0,False,"[['emboar', 'level-up', 36]]"
500,Emboar,Fire,Fighting,528.0,110.0,123.0,65.0,100.0,65.0,65.0,5.0,False,[]
501,Oshawott,Water,,308.0,55.0,55.0,45.0,63.0,45.0,45.0,5.0,False,"[['dewott', 'level-up', 17]]"
502,Dewott,Water,,413.0,75.0,75.0,60.0,83.0,60.0,60.0,5.0,False,"[['samurott', 'level-up', 36]]"
503,Samurott,Water,,528.0,95.0,100.0,85.0,108.0,70.0,70.0,5.0,False,[]
504,Patrat,Normal,,255.0,45.0,55.0,39.0,35.0,39.0,42.0,5.0,False,"[['watchog', 'level-up', 20]]"
505,Watchog,Normal,,420.0,60.0,85.0,69.0,60.0,69.0,77.0,5.0,False,[]
506,Lillipup,Normal,,275.0,45.0,60.0,45.0,25.0,45.0,55.0,5.0,False,"[['herdier', 'level-up', 16]]"
507,Herdier,Normal,,370.0,65.0,80.0,65.0,35.0,65.0,60.0,5.0,False,"[['stoutland', 'level-up', 32]]"
508,Stoutland,Normal,,500.0,85.0,110.0,90.0,45.0,90.0,80.0,5.0,False,[]
509,Purrloin,Dark,,281.0,41.0,50.0,37.0,50.0,37.0,66.0,5.0,False,"[['liepard', 'level-up', 20]]"
510,Liepard,Dark,,446.0,64.0,88.0,50.0,88.0,50.0,106.0,5.0,False,[]
511,Pansage,Grass,,316.0,50.0,53.0,48.0,53.0,48.0,64.0,5.0,False,"[['simisage', 'use-item', 'leaf-stone']]"
512,Simisage,Grass,,498.0,75.0,98.0,63.0,98.0,63.0,101.0,5.0,False,[]
513,Pansear,Fire,,316.0,50.0,53.0,48.0,53.0,48.0,64.0,5.0,False,"[['simisear', 'use-item', 'fire-stone']]"
514,Simisear,Fire,,498.0,75.0,98.0,63.0,98.0,63.0,101.0,5.0,False,[]
515,Panpour,Water,,316.0,50.0,53.0,48.0,53.0,48.0,64.0,5.0,False,"[['simipour', 'use-item', 'water-stone']]"
516,Simipour,Water,,498.0,75.0,98.0,63.0,98.0,63.0,101.0,5.0,False,[]
517,Munna,Psychic,,292.0,76.0,25.0,45.0,67.0,55.0,24.0,5.0,False,"[['musharna', 'use-item', 'moon-stone']]"
518,Musharna,Psychic,,487.0,116.0,55.0,85.0,107.0,95.0,29.0,5.0,False,[]
519,Pidove,Normal,Flying,264.0,50.0,55.0,50.0,36.0,30.0,43.0,5.0,False,"[['tranquill', 'level-up', 21]]"
520,Tranquill,Normal,Flying,358.0,62.0,77.0,62.0,50.0,42.0,65.0,5.0,False,"[['unfezant', 'level-up', 32]]"
521,Unfezant,Normal,Flying,488.0,80.0,115.0,80.0,65.0,55.0,93.0,5.0,False,[]
522,Blitzle,Electric,,295.0,45.0,60.0,32.0,50.0,32.0,76.0,5.0,False,"[['zebstrika', 'level-up', 27]]"
523,Zebstrika,Electric,,497.0,75.0,100.0,63.0,80.0,63.0,116.0,5.0,False,[]
524,Roggenrola,Rock,,280.0,55.0,75.0,85.0,25.0,25.0,15.0,5.0,False,"[['boldore', 'level-up', 25]]"
525,Boldore,Rock,,390.0,70.0,105.0,105.0,50.0,40.0,20.0,5.0,False,"[['gigalith', 'trade']]"
526,Gigalith,Rock,,515.0,85.0,135.0,130.0,60.0,80.0,25.0,5.0,False,[]
527,Woobat,Psychic,Flying,313.0,55.0,45.0,43.0,55.0,43.0,72.0,5.0,False,"[['swoobat', 'level-up', None]]"
528,Swoobat,Psychic,Flying,425.0,67.0,57.0,55.0,77.0,55.0,114.0,5.0,False,[]
529,Drilbur,Ground,,328.0,60.0,85.0,40.0,30.0,45.0,68.0,5.0,False,"[['excadrill', 'level-up', 31]]"
530,Excadrill,Ground,Steel,508.0,110.0,135.0,60.0,50.0,65.0,88.0,5.0,False,[]
531,Audino,Normal,,445.0,103.0,60.0,86.0,60.0,86.0,50.0,5.0,False,[]
532,Timburr,Fighting,,305.0,75.0,80.0,55.0,25.0,35.0,35.0,5.0,False,"[['gurdurr', 'level-up', 25]]"
533,Gurdurr,Fighting,,405.0,85.0,105.0,85.0,40.0,50.0,40.0,5.0,False,"[['conkeldurr', 'trade']]"
534,Conkeldurr,Fighting,,505.0,105.0,140.0,95.0,55.0,65.0,45.0,5.0,False,[]
535,Tympole,Water,,294.0,50.0,50.0,40.0,50.0,40.0,64.0,5.0,False,"[['palpitoad', 'level-up', 25]]"
536,Palpitoad,Water,Ground,384.0,75.0,65.0,55.0,65.0,55.0,69.0,5.0,False,"[['seismitoad', 'level-up', 36]]"
537,Seismitoad,Water,Ground,509.0,105.0,95.0,75.0,85.0,75.0,74.0,5.0,False,[]
538,Throh,Fighting,,465.0,120.0,100.0,85.0,30.0,85.0,45.0,5.0,False,[]
539,Sawk,Fighting,,465.0,75.0,125.0,75.0,30.0,75.0,85.0,5.0,False,[]
540,Sewaddle,Bug,Grass,310.0,45.0,53.0,70.0,40.0,60.0,42.0,5.0,False,"[['swadloon', 'level-up', 20]]"
541,Swadloon,Bug,Grass,380.0,55.0,63.0,90.0,50.0,80.0,42.0,5.0,False,"[['leavanny', 'level-up', None]]"
542,Leavanny,Bug,Grass,500.0,75.0,103.0,80.0,70.0,80.0,92.0,5.0,False,[]
543,Venipede,Bug,Poison,260.0,30.0,45.0,59.0,30.0,39.0,57.0,5.0,False,"[['whirlipede', 'level-up', 22]]"
544,Whirlipede,Bug,Poison,360.0,40.0,55.0,99.0,40.0,79.0,47.0,5.0,False,"[['scolipede', 'level-up', 30]]"
545,Scolipede,Bug,Poison,485.0,60.0,100.0,89.0,55.0,69.0,112.0,5.0,False,[]
546,Cottonee,Grass,Fairy,280.0,40.0,27.0,60.0,37.0,50.0,66.0,5.0,False,"[['whimsicott', 'use-item', 'sun-stone']]"
547,Whimsicott,Grass,Fairy,480.0,60.0,67.0,85.0,77.0,75.0,116.0,5.0,False,[]
548,Petilil,Grass,,280.0,45.0,35.0,50.0,70.0,50.0,30.0,5.0,False,"[['lilligant', 'use-item', 'sun-stone']]"
549,Lilligant,Grass,,480.0,70.0,60.0,75.0,110.0,75.0,90.0,5.0,False,[]
550,Basculin,Water,,460.0,70.0,92.0,65.0,80.0,55.0,98.0,5.0,False,[]
551,Sandile,Ground,Dark,292.0,50.0,72.0,35.0,35.0,35.0,65.0,5.0,False,"[['krokorok', 'level-up', 29]]"
552,Krokorok,Ground,Dark,351.0,60.0,82.0,45.0,45.0,45.0,74.0,5.0,False,"[['krookodile', 'level-up', 40]]"
553,Krookodile,Ground,Dark,519.0,95.0,117.0,80.0,65.0,70.0,92.0,5.0,False,[]
554,Darumaka,Fire,,315.0,70.0,90.0,45.0,15.0,45.0,50.0,5.0,False,"[['darmanitan', 'level-up', 35]]"
555,DarmanitanStandard Mode,Fire,,480.0,105.0,140.0,55.0,30.0,55.0,95.0,5.0,False,[]
556,Maractus,Grass,,461.0,75.0,86.0,67.0,106.0,67.0,60.0,5.0,False,[]
557,Dwebble,Bug,Rock,325.0,50.0,65.0,85.0,35.0,35.0,55.0,5.0,False,"[['crustle', 'level-up', 34]]"
558,Crustle,Bug,Rock,475.0,70.0,95.0,125.0,65.0,75.0,45.0,5.0,False,[]
559,Scraggy,Dark,Fighting,348.0,50.0,75.0,70.0,35.0,70.0,48.0,5.0,False,"[['scrafty', 'level-up', 39]]"
560,Scrafty,Dark,Fighting,488.0,65.0,90.0,115.0,45.0,115.0,58.0,5.0,False,[]
561,Sigilyph,Psychic,Flying,490.0,72.0,58.0,80.0,103.0,80.0,97.0,5.0,False,[]
562,Yamask,Ghost,,303.0,38.0,30.0,85.0,55.0,65.0,30.0,5.0,False,"[['cofagrigus', 'level-up', 34], None]"
563,Cofagrigus,Ghost,,483.0,58.0,50.0,145.0,95.0,105.0,30.0,5.0,False,[]
564,Tirtouga,Water,Rock,355.0,54.0,78.0,103.0,53.0,45.0,22.0,5.0,False,"[['carracosta', 'level-up', 37]]"
565,Carracosta,Water,Rock,495.0,74.0,108.0,133.0,83.0,65.0,32.0,5.0,False,[]
566,Archen,Rock,Flying,401.0,55.0,112.0,45.0,74.0,45.0,70.0,5.0,False,"[['archeops', 'level-up', 37]]"
567,Archeops,Rock,Flying,567.0,75.0,140.0,65.0,112.0,65.0,110.0,5.0,False,[]
568,Trubbish,Poison,,329.0,50.0,50.0,62.0,40.0,62.0,65.0,5.0,False,"[['garbodor', 'level-up', 36]]"
569,Garbodor,Poison,,474.0,80.0,95.0,82.0,60.0,82.0,75.0,5.0,False,[]
570,Zorua,Dark,,330.0,40.0,65.0,40.0,80.0,40.0,65.0,5.0,False,"[['zoroark', 'level-up', 30]]"
571,Zoroark,Dark,,510.0,60.0,105.0,60.0,120.0,60.0,105.0,5.0,False,[]
572,Minccino,Normal,,300.0,55.0,50.0,40.0,40.0,40.0,75.0,5.0,False,"[['cinccino', 'use-item', 'shiny-stone']]"
573,Cinccino,Normal,,470.0,75.0,95.0,60.0,65.0,60.0,115.0,5.0,False,[]
574,Gothita,Psychic,,290.0,45.0,30.0,50.0,55.0,65.0,45.0,5.0,False,"[['gothorita', 'level-up', 32]]"
575,Gothorita,Psychic,,390.0,60.0,45.0,70.0,75.0,85.0,55.0,5.0,False,"[['gothitelle', 'level-up', 41]]"
576,Gothitelle,Psychic,,490.0,70.0,55.0,95.0,95.0,110.0,65.0,5.0,False,[]
577,Solosis,Psychic,,290.0,45.0,30.0,40.0,105.0,50.0,20.0,5.0,False,"[['duosion', 'level-up', 32]]"
578,Duosion,Psychic,,370.0,65.0,40.0,50.0,125.0,60.0,30.0,5.0,False,"[['reuniclus', 'level-up', 41]]"
579,Reuniclus,Psychic,,490.0,110.0,65.0,75.0,125.0,85.0,30.0,5.0,False,[]
580,Ducklett,Water,Flying,305.0,62.0,44.0,50.0,44.0,50.0,55.0,5.0,False,"[['swanna', 'level-up', 35]]"
581,Swanna,Water,Flying,473.0,75.0,87.0,63.0,87.0,63.0,98.0,5.0,False,[]
582,Vanillite,Ice,,305.0,36.0,50.0,50.0,65.0,60.0,44.0,5.0,False,"[['vanillish', 'level-up', 35]]"
583,Vanillish,Ice,,395.0,51.0,65.0,65.0,80.0,75.0,59.0,5.0,False,"[['vanilluxe', 'level-up', 47]]"
584,Vanilluxe,Ice,,535.0,71.0,95.0,85.0,110.0,95.0,79.0,5.0,False,[]
585,Deerling,Normal,Grass,335.0,60.0,60.0,50.0,40.0,50.0,75.0,5.0,False,"[['sawsbuck', 'level-up', 34]]"
586,Sawsbuck,Normal,Grass,475.0,80.0,100.0,70.0,60.0,70.0,95.0,5.0,False,[]
587,Emolga,Electric,Flying,428.0,55.0,75.0,60.0,75.0,60.0,103.0,5.0,False,[]
588,Karrablast,Bug,,315.0,50.0,75.0,45.0,40.0,45.0,60.0,5.0,False,"[['escavalier', 'trade']]"
589,Escavalier,Bug,Steel,495.0,70.0,135.0,105.0,60.0,105.0,20.0,5.0,False,[]
590,Foongus,Grass,Poison,294.0,69.0,55.0,45.0,55.0,55.0,15.0,5.0,False,"[['amoonguss', 'level-up', 39]]"
591,Amoonguss,Grass,Poison,464.0,114.0,85.0,70.0,85.0,80.0,30.0,5.0,False,[]
592,Frillish,Water,Ghost,335.0,55.0,40.0,50.0,65.0,85.0,40.0,5.0,False,"[['jellicent', 'level-up', 40]]"
593,Jellicent,Water,Ghost,480.0,100.0,60.0,70.0,85.0,105.0,60.0,5.0,False,[]
594,Alomomola,Water,,470.0,165.0,75.0,80.0,40.0,45.0,65.0,5.0,False,[]
595,Joltik,Bug,Electric,319.0,50.0,47.0,50.0,57.0,50.0,65.0,5.0,False,"[['galvantula', 'level-up', 36]]"
596,Galvantula,Bug,Electric,472.0,70.0,77.0,60.0,97.0,60.0,108.0,5.0,False,[]
597,Ferroseed,Grass,Steel,305.0,44.0,50.0,91.0,24.0,86.0,10.0,5.0,False,"[['ferrothorn', 'level-up', 40]]"
598,Ferrothorn,Grass,Steel,489.0,74.0,94.0,131.0,54.0,116.0,20.0,5.0,False,[]
599,Klink,Steel,,300.0,40.0,55.0,70.0,45.0,60.0,30.0,5.0,False,"[['klang', 'level-up', 38]]"
600,Klang,Steel,,440.0,60.0,80.0,95.0,70.0,85.0,50.0,5.0,False,"[['klinklang', 'level-up', 49]]"
601,Klinklang,Steel,,520.0,60.0,100.0,115.0,70.0,85.0,90.0,5.0,False,[]
602,Tynamo,Electric,,275.0,35.0,55.0,40.0,45.0,40.0,60.0,5.0,False,"[['eelektrik', 'level-up', 39]]"
603,Eelektrik,Electric,,405.0,65.0,85.0,70.0,75.0,70.0,40.0,5.0,False,"[['eelektross', 'use-item', 'thunder-stone']]"
604,Eelektross,Electric,,515.0,85.0,115.0,80.0,105.0,80.0,50.0,5.0,False,[]
605,Elgyem,Psychic,,335.0,55.0,55.0,55.0,85.0,55.0,30.0,5.0,False,"[['beheeyem', 'level-up', 42]]"
606,Beheeyem,Psychic,,485.0,75.0,75.0,75.0,125.0,95.0,40.0,5.0,False,[]
607,Litwick,Ghost,Fire,275.0,50.0,30.0,55.0,65.0,55.0,20.0,5.0,False,"[['lampent', 'level-up', 41]]"
608,Lampent,Ghost,Fire,370.0,60.0,40.0,60.0,95.0,60.0,55.0,5.0,False,"[['chandelure', 'use-item', 'dusk-stone']]"
609,Chandelure,Ghost,Fire,520.0,60.0,55.0,90.0,145.0,90.0,80.0,5.0,False,[]
610,Axew,Dragon,,320.0,46.0,87.0,60.0,30.0,40.0,57.0,5.0,False,"[['fraxure', 'level-up', 38]]"
611,Fraxure,Dragon,,410.0,66.0,117.0,70.0,40.0,50.0,67.0,5.0,False,"[['haxorus', 'level-up', 48]]"
612,Haxorus,Dragon,,540.0,76.0,147.0,90.0,60.0,70.0,97.0,5.0,False,[]
613,Cubchoo,Ice,,305.0,55.0,70.0,40.0,60.0,40.0,40.0,5.0,False,"[['beartic', 'level-up', 37]]"
614,Beartic,Ice,,485.0,95.0,110.0,80.0,70.0,80.0,50.0,5.0,False,[]
615,Cryogonal,Ice,,485.0,70.0,50.0,30.0,95.0,135.0,105.0,5.0,False,[]
616,Shelmet,Bug,,305.0,50.0,40.0,85.0,40.0,65.0,25.0,5.0,False,"[['accelgor', 'trade']]"
617,Accelgor,Bug,,495.0,80.0,70.0,40.0,100.0,60.0,145.0,5.0,False,[]
618,Stunfisk,Ground,Electric,471.0,109.0,66.0,84.0,81.0,99.0,32.0,5.0,False,[]
619,Mienfoo,Fighting,,350.0,45.0,85.0,50.0,55.0,50.0,65.0,5.0,False,"[['mienshao', 'level-up', 50]]"
620,Mienshao,Fighting,,510.0,65.0,125.0,60.0,95.0,60.0,105.0,5.0,False,[]
621,Druddigon,Dragon,,485.0,77.0,120.0,90.0,60.0,90.0,48.0,5.0,False,[]
622,Golett,Ground,Ghost,303.0,59.0,74.0,50.0,35.0,50.0,35.0,5.0,False,"[['golurk', 'level-up', 43]]"
623,Golurk,Ground,Ghost,483.0,89.0,124.0,80.0,55.0,80.0,55.0,5.0,False,[]
624,Pawniard,Dark,Steel,340.0,45.0,85.0,70.0,40.0,40.0,60.0,5.0,False,"[['bisharp', 'level-up', 52]]"
625,Bisharp,Dark,Steel,490.0,65.0,125.0,100.0,60.0,70.0,70.0,5.0,False,[]
626,Bouffalant,Normal,,490.0,95.0,110.0,95.0,40.0,95.0,55.0,5.0,False,[]
627,Rufflet,Normal,Flying,350.0,70.0,83.0,50.0,37.0,50.0,60.0,5.0,False,"[['braviary', 'level-up', 54]]"
628,Braviary,Normal,Flying,510.0,100.0,123.0,75.0,57.0,75.0,80.0,5.0,False,[]
629,Vullaby,Dark,Flying,370.0,70.0,55.0,75.0,45.0,65.0,60.0,5.0,False,"[['mandibuzz', 'level-up', 54]]"
630,Mandibuzz,Dark,Flying,510.0,110.0,65.0,105.0,55.0,95.0,80.0,5.0,False,[]
631,Heatmor,Fire,,484.0,85.0,97.0,66.0,105.0,66.0,65.0,5.0,False,[]
632,Durant,Bug,Steel,484.0,58.0,109.0,112.0,48.0,48.0,109.0,5.0,False,[]
633,Deino,Dark,Dragon,300.0,52.0,65.0,50.0,45.0,50.0,38.0,5.0,False,"[['zweilous', 'level-up', 50]]"
634,Zweilous,Dark,Dragon,420.0,72.0,85.0,70.0,65.0,70.0,58.0,5.0,False,"[['hydreigon', 'level-up', 64]]"
635,Hydreigon,Dark,Dragon,600.0,92.0,105.0,90.0,125.0,90.0,98.0,5.0,False,[]
636,Larvesta,Bug,Fire,360.0,55.0,85.0,55.0,50.0,55.0,60.0,5.0,False,"[['volcarona', 'level-up', 59]]"
637,Volcarona,Bug,Fire,550.0,85.0,60.0,65.0,135.0,105.0,100.0,5.0,False,[]
638,Cobalion,Steel,Fighting,580.0,91.0,90.0,129.0,90.0,72.0,108.0,5.0,True,[]
639,Terrakion,Rock,Fighting,580.0,91.0,129.0,90.0,72.0,90.0,108.0,5.0,True,[]
640,Virizion,Grass,Fighting,580.0,91.0,90.0,72.0,90.0,129.0,108.0,5.0,True,[]
641,TornadusIncarnate Forme,Flying,,580.0,79.0,115.0,70.0,125.0,80.0,111.0,5.0,True,[]
642,ThundurusIncarnate Forme,Electric,Flying,580.0,79.0,115.0,70.0,125.0,80.0,111.0,5.0,True,[]
643,Reshiram,Dragon,Fire,680.0,100.0,120.0,100.0,150.0,120.0,90.0,5.0,True,[]
644,Zekrom,Dragon,Electric,680.0,100.0,150.0,120.0,120.0,100.0,90.0,5.0,True,[]
645,LandorusIncarnate Forme,Ground,Flying,600.0,89.0,125.0,90.0,115.0,80.0,101.0,5.0,True,[]
646,Kyurem,Dragon,Ice,660.0,125.0,130.0,90.0,130.0,90.0,95.0,5.0,True,[]
647,KeldeoOrdinary Forme,Water,Fighting,580.0,91.0,72.0,90.0,129.0,90.0,108.0,5.0,False,[]
648,MeloettaAria Forme,Normal,Psychic,600.0,100.0,77.0,77.0,128.0,128.0,90.0,5.0,False,[]
649,Genesect,Bug,Steel,600.0,71.0,120.0,95.0,120.0,95.0,99.0,5.0,False,[]
650,Chespin,Grass,,313.0,56.0,61.0,65.0,48.0,45.0,38.0,6.0,False,"[['quilladin', 'level-up', 16]]"
651,Quilladin,Grass,,405.0,61.0,78.0,95.0,56.0,58.0,57.0,6.0,False,"[['chesnaught', 'level-up', 36]]"
652,Chesnaught,Grass,Fighting,530.0,88.0,107.0,122.0,74.0,75.0,64.0,6.0,False,[]
653,Fennekin,Fire,,307.0,40.0,45.0,40.0,62.0,60.0,60.0,6.0,False,"[['braixen', 'level-up', 16]]"
654,Braixen,Fire,,409.0,59.0,59.0,58.0,90.0,70.0,73.0,6.0,False,"[['delphox', 'level-up', 36]]"
655,Delphox,Fire,Psychic,534.0,75.0,69.0,72.0,114.0,100.0,104.0,6.0,False,[]
656,Froakie,Water,,314.0,41.0,56.0,40.0,62.0,44.0,71.0,6.0,False,"[['frogadier', 'level-up', 16]]"
657,Frogadier,Water,,405.0,54.0,63.0,52.0,83.0,56.0,97.0,6.0,False,"[['greninja', 'level-up', 36]]"
658,Greninja,Water,Dark,530.0,72.0,95.0,67.0,103.0,71.0,122.0,6.0,False,[]
659,Bunnelby,Normal,,237.0,38.0,36.0,38.0,32.0,36.0,57.0,6.0,False,"[['diggersby', 'level-up', 20]]"
660,Diggersby,Normal,Ground,423.0,85.0,56.0,77.0,50.0,77.0,78.0,6.0,False,[]
661,Fletchling,Normal,Flying,278.0,45.0,50.0,43.0,40.0,38.0,62.0,6.0,False,"[['fletchinder', 'level-up', 17]]"
662,Fletchinder,Fire,Flying,382.0,62.0,73.0,55.0,56.0,52.0,84.0,6.0,False,"[['talonflame', 'level-up', 35]]"
663,Talonflame,Fire,Flying,499.0,78.0,81.0,71.0,74.0,69.0,126.0,6.0,False,[]
664,Scatterbug,Bug,,200.0,38.0,35.0,40.0,27.0,25.0,35.0,6.0,False,"[['spewpa', 'level-up', 9]]"
665,Spewpa,Bug,,213.0,45.0,22.0,60.0,27.0,30.0,29.0,6.0,False,"[['vivillon', 'level-up', 12]]"
666,Vivillon,Bug,Flying,411.0,80.0,52.0,50.0,90.0,50.0,89.0,6.0,False,[]
667,Litleo,Fire,Normal,369.0,62.0,50.0,58.0,73.0,54.0,72.0,6.0,False,"[['pyroar', 'level-up', 35]]"
668,Pyroar,Fire,Normal,507.0,86.0,68.0,72.0,109.0,66.0,106.0,6.0,False,[]
669,Flabébé,Fairy,,303.0,44.0,38.0,39.0,61.0,79.0,42.0,6.0,False,[]
670,Floette,Fairy,,371.0,54.0,45.0,47.0,75.0,98.0,52.0,6.0,False,"[['florges', 'use-item', 'shiny-stone']]"
671,Florges,Fairy,,552.0,78.0,65.0,68.0,112.0,154.0,75.0,6.0,False,[]
672,Skiddo,Grass,,350.0,66.0,65.0,48.0,62.0,57.0,52.0,6.0,False,"[['gogoat', 'level-up', 32]]"
673,Gogoat,Grass,,531.0,123.0,100.0,62.0,97.0,81.0,68.0,6.0,False,[]
674,Pancham,Fighting,,348.0,67.0,82.0,62.0,46.0,48.0,43.0,6.0,False,"[['pangoro', 'level-up', 32]]"
675,Pangoro,Fighting,Dark,495.0,95.0,124.0,78.0,69.0,71.0,58.0,6.0,False,[]
676,Furfrou,Normal,,472.0,75.0,80.0,60.0,65.0,90.0,102.0,6.0,False,[]
677,Espurr,Psychic,,355.0,62.0,48.0,54.0,63.0,60.0,68.0,6.0,False,"[['meowstic', 'level-up', 25]]"
678,MeowsticMale,Psychic,,466.0,74.0,48.0,76.0,83.0,81.0,104.0,6.0,False,[]
679,Honedge,Steel,Ghost,325.0,45.0,80.0,100.0,35.0,37.0,28.0,6.0,False,"[['doublade', 'level-up', 35]]"
680,Doublade,Steel,Ghost,448.0,59.0,110.0,150.0,45.0,49.0,35.0,6.0,False,"[['aegislash', 'use-item', 'dusk-stone']]"
681,AegislashBlade Forme,Steel,Ghost,520.0,60.0,150.0,50.0,150.0,50.0,60.0,6.0,False,[]
682,Spritzee,Fairy,,341.0,78.0,52.0,60.0,63.0,65.0,23.0,6.0,False,"[['aromatisse', 'trade']]"
683,Aromatisse,Fairy,,462.0,101.0,72.0,72.0,99.0,89.0,29.0,6.0,False,[]
684,Swirlix,Fairy,,341.0,62.0,48.0,66.0,59.0,57.0,49.0,6.0,False,"[['slurpuff', 'trade']]"
685,Slurpuff,Fairy,,480.0,82.0,80.0,86.0,85.0,75.0,72.0,6.0,False,[]
686,Inkay,Dark,Psychic,288.0,53.0,54.0,53.0,37.0,46.0,45.0,6.0,False,"[['malamar', 'level-up', 30]]"
687,Malamar,Dark,Psychic,482.0,86.0,92.0,88.0,68.0,75.0,73.0,6.0,False,[]
688,Binacle,Rock,Water,306.0,42.0,52.0,67.0,39.0,56.0,50.0,6.0,False,"[['barbaracle', 'level-up', 39]]"
689,Barbaracle,Rock,Water,500.0,72.0,105.0,115.0,54.0,86.0,68.0,6.0,False,[]
690,Skrelp,Poison,Water,320.0,50.0,60.0,60.0,60.0,60.0,30.0,6.0,False,"[['dragalge', 'level-up', 48]]"
691,Dragalge,Poison,Dragon,494.0,65.0,75.0,90.0,97.0,123.0,44.0,6.0,False,[]
692,Clauncher,Water,,330.0,50.0,53.0,62.0,58.0,63.0,44.0,6.0,False,"[['clawitzer', 'level-up', 37]]"
693,Clawitzer,Water,,500.0,71.0,73.0,88.0,120.0,89.0,59.0,6.0,False,[]
694,Helioptile,Electric,Normal,289.0,44.0,38.0,33.0,61.0,43.0,70.0,6.0,False,"[['heliolisk', 'use-item', 'sun-stone']]"
695,Heliolisk,Electric,Normal,481.0,62.0,55.0,52.0,109.0,94.0,109.0,6.0,False,[]
696,Tyrunt,Rock,Dragon,362.0,58.0,89.0,77.0,45.0,45.0,48.0,6.0,False,"[['tyrantrum', 'level-up', 39]]"
697,Tyrantrum,Rock,Dragon,521.0,82.0,121.0,119.0,69.0,59.0,71.0,6.0,False,[]
698,Amaura,Rock,Ice,362.0,77.0,59.0,50.0,67.0,63.0,46.0,6.0,False,"[['aurorus', 'level-up', 39]]"
699,Aurorus,Rock,Ice,521.0,123.0,77.0,72.0,99.0,92.0,58.0,6.0,False,[]
700,Sylveon,Fairy,,525.0,95.0,65.0,65.0,110.0,130.0,60.0,6.0,False,[]
701,Hawlucha,Fighting,Flying,500.0,78.0,92.0,75.0,74.0,63.0,118.0,6.0,False,[]
702,Dedenne,Electric,Fairy,431.0,67.0,58.0,57.0,81.0,67.0,101.0,6.0,False,[]
703,Carbink,Rock,Fairy,500.0,50.0,50.0,150.0,50.0,150.0,50.0,6.0,False,[]
704,Goomy,Dragon,,300.0,45.0,50.0,35.0,55.0,75.0,40.0,6.0,False,"[['sliggoo', 'level-up', 40]]"
705,Sliggoo,Dragon,,452.0,68.0,75.0,53.0,83.0,113.0,60.0,6.0,False,"[['goodra', 'level-up', 50]]"
706,Goodra,Dragon,,600.0,90.0,100.0,70.0,110.0,150.0,80.0,6.0,False,[]
707,Klefki,Steel,Fairy,470.0,57.0,80.0,91.0,80.0,87.0,75.0,6.0,False,[]
708,Phantump,Ghost,Grass,309.0,43.0,70.0,48.0,50.0,60.0,38.0,6.0,False,"[['trevenant', 'trade']]"
709,Trevenant,Ghost,Grass,474.0,85.0,110.0,76.0,65.0,82.0,56.0,6.0,False,[]
710,PumpkabooAverage Size,Ghost,Grass,335.0,49.0,66.0,70.0,44.0,55.0,51.0,6.0,False,[]
711,GourgeistAverage Size,Ghost,Grass,494.0,65.0,90.0,122.0,58.0,75.0,84.0,6.0,False,[]
712,Bergmite,Ice,,304.0,55.0,69.0,85.0,32.0,35.0,28.0,6.0,False,"[['avalugg', 'level-up', 37]]"
713,Avalugg,Ice,,514.0,95.0,117.0,184.0,44.0,46.0,28.0,6.0,False,[]
714,Noibat,Flying,Dragon,245.0,40.0,30.0,35.0,45.0,40.0,55.0,6.0,False,"[['noivern', 'level-up', 48]]"
715,Noivern,Flying,Dragon,535.0,85.0,70.0,80.0,97.0,80.0,123.0,6.0,False,[]
716,Xerneas,Fairy,,680.0,126.0,131.0,95.0,131.0,98.0,99.0,6.0,True,[]
717,Yveltal,Dark,Flying,680.0,126.0,131.0,95.0,131.0,98.0,99.0,6.0,True,[]
718,Zygarde50% Forme,Dragon,Ground,600.0,108.0,100.0,121.0,81.0,95.0,95.0,6.0,True,[]
719,Diancie,Rock,Fairy,600.0,50.0,100.0,150.0,100.0,150.0,50.0,6.0,True,[]
720,HoopaHoopa Confined,Psychic,Ghost,600.0,80.0,110.0,60.0,150.0,130.0,70.0,6.0,True,[]
721,Volcanion,Fire,Water,600.0,80.0,110.0,120.0,130.0,90.0,70.0,6.0,True,[]
0,,,,,,,,,,,,,[]
